text_id,comment,domain,sentiment
1,定期的体检与健康监测是预防疾病、保持身体健康的重要手段,生活,中性
2,职业素养的提升是个人职场长期发展的基础，包括责任心、执行力等核心品质,职场,正面
3,区块链技术的去中心化特性为数据安全与信任机制提供了新的解决方案,科技,负面
4,解决问题的能力是职场核心竞争力，面对难题能够快速找到解决方案,职场,正面
5,电影是一种重要的娱乐方式，优秀的电影作品能够给人带来情感的共鸣与思考,娱乐,正面
6,开源软件生态的完善为开发者提供了大量优质的工具与框架，降低了开发门槛,科技,中性
7,阅读小说是一种放松身心的娱乐方式，能够让人沉浸在不同的故事世界中,娱乐,正面
8,书法、绘画等艺术创作是一种高雅的娱乐方式，能够提升个人的审美与修养,娱乐,正面
9,书法、绘画等艺术创作是一种高雅的娱乐方式，能够提升个人的审美与修养,娱乐,中性
10,摄影是一种记录生活、发现美的娱乐方式，能够用镜头留住美好的瞬间,娱乐,正面
11,学前教育的规范化发展为孩子的早期成长提供了科学的引导与保障,教育,正面
12,健康的生活方式需要合理的饮食、规律的作息与适度的运动相结合,生活,中性
13,持续的职业技能提升是应对行业变化、保持职场竞争力的核心,职场,正面
14,宠物的陪伴能够给人们带来情感上的慰藉，提升生活的幸福感,生活,中性
15,开源软件生态的完善为开发者提供了大量优质的工具与框架，降低了开发门槛,科技,正面
16,职场中的复盘总结能够帮助人们从经验中学习，持续优化工作方法,职场,正面
17,5G网络的商用落地推动了物联网、自动驾驶等新兴技术的快速发展,科技,中性
18,持续的职业技能提升是应对行业变化、保持职场竞争力的核心,职场,正面
19,行业趋势的洞察与学习能够帮助人们提前做好准备，抓住职业发展的机遇,职场,正面
20,烹饪不仅是满足日常饮食的需求，也是一种放松身心、享受生活的方式,生活,正面
21,良好的人际关系是提升生活幸福感的重要因素，真诚的沟通是核心,生活,正面
22,持续的职业技能提升是应对行业变化、保持职场竞争力的核心,职场,负面
23,解决问题的能力是职场核心竞争力，面对难题能够快速找到解决方案,职场,正面
24,终身学习的理念已经深入人心，持续学习是个人成长与职业发展的核心动力,教育,正面
25,脱口秀、相声等语言类节目能够给人带来欢乐，缓解日常的工作与生活压力,娱乐,正面
26,音乐是生活中不可或缺的娱乐元素，不同风格的音乐能够适配不同的场景与心情,娱乐,中性
27,教师的专业能力提升是保障教育质量的核心，持续的师资培训尤为重要,教育,正面
28,开源软件生态的完善为开发者提供了大量优质的工具与框架，降低了开发门槛,科技,正面
29,持续的职业技能提升是应对行业变化、保持职场竞争力的核心,职场,正面
30,线上教育平台的普及打破了地域限制，让优质教育资源能够触达更多人群,教育,中性
31,阅读小说是一种放松身心的娱乐方式，能够让人沉浸在不同的故事世界中,娱乐,中性
32,线上教育平台的普及打破了地域限制，让优质教育资源能够触达更多人群,教育,中性
33,学前教育的规范化发展为孩子的早期成长提供了科学的引导与保障,教育,正面
34,高等教育的改革更加注重产学研结合，培养学生的实践能力与创新思维,教育,中性
35,音乐、绘画等艺术形式能够丰富人们的精神生活，提升审美能力,生活,中性
36,学前教育的规范化发展为孩子的早期成长提供了科学的引导与保障,教育,正面
37,家庭教育是孩子成长过程中不可或缺的部分，良好的家庭氛围助力孩子健康成长,教育,中性
38,量子计算技术的突破有望解决传统计算机无法处理的复杂计算问题,科技,正面
39,书法、绘画等艺术创作是一种高雅的娱乐方式，能够提升个人的审美与修养,娱乐,正面
40,阅读小说是一种放松身心的娱乐方式，能够让人沉浸在不同的故事世界中,娱乐,正面
41,网络安全技术的升级是保障个人隐私与企业数据安全的核心基础,科技,正面
42,宠物的陪伴能够给人们带来情感上的慰藉，提升生活的幸福感,生活,负面
43,数字化转型已经成为传统企业提升竞争力的必经之路，技术赋能是核心,科技,正面
44,线上教育平台的普及打破了地域限制，让优质教育资源能够触达更多人群,教育,中性
45,云计算技术的普及降低了企业的IT运维成本，提升了系统的弹性与稳定性,科技,正面
46,良好的人际关系是提升生活幸福感的重要因素，真诚的沟通是核心,生活,负面
47,烹饪不仅是满足日常饮食的需求，也是一种放松身心、享受生活的方式,生活,中性
48,健康的生活方式需要合理的饮食、规律的作息与适度的运动相结合,生活,正面
49,健康的生活方式需要合理的饮食、规律的作息与适度的运动相结合,生活,正面
50,网络安全技术的升级是保障个人隐私与企业数据安全的核心基础,科技,正面
51,学前教育的规范化发展为孩子的早期成长提供了科学的引导与保障,教育,中性
52,桌游、剧本杀等线下娱乐活动成为年轻人社交的重要方式，能够增进朋友间的互动,娱乐,正面
53,线上教育平台的普及打破了地域限制，让优质教育资源能够触达更多人群,教育,正面
54,桌游、剧本杀等线下娱乐活动成为年轻人社交的重要方式，能够增进朋友间的互动,娱乐,正面
55,5G网络的商用落地推动了物联网、自动驾驶等新兴技术的快速发展,科技,中性
56,良好的人际关系是提升生活幸福感的重要因素，真诚的沟通是核心,生活,正面
57,网络安全技术的升级是保障个人隐私与企业数据安全的核心基础,科技,正面
58,创新教育模式的探索能够更好地激发学生的学习兴趣与创造力,教育,负面
59,数字化转型已经成为传统企业提升竞争力的必经之路，技术赋能是核心,科技,正面
60,量子计算技术的突破有望解决传统计算机无法处理的复杂计算问题,科技,中性
61,烹饪不仅是满足日常饮食的需求，也是一种放松身心、享受生活的方式,生活,正面
62,网络安全技术的升级是保障个人隐私与企业数据安全的核心基础,科技,正面
63,阅读小说是一种放松身心的娱乐方式，能够让人沉浸在不同的故事世界中,娱乐,中性
64,脱口秀、相声等语言类节目能够给人带来欢乐，缓解日常的工作与生活压力,娱乐,负面
65,旅行能够开阔人的视野，体验不同的地域文化，丰富人生阅历,生活,中性
66,持续的职业技能提升是应对行业变化、保持职场竞争力的核心,职场,中性
67,职场中的复盘总结能够帮助人们从经验中学习，持续优化工作方法,职场,中性
68,骑行、徒步等户外活动是一种健康的娱乐方式，能够让人亲近自然，放松身心,娱乐,正面
69,数字化转型已经成为传统企业提升竞争力的必经之路，技术赋能是核心,科技,中性
70,解决问题的能力是职场核心竞争力，面对难题能够快速找到解决方案,职场,正面
71,高等教育的改革更加注重产学研结合，培养学生的实践能力与创新思维,教育,中性
72,持续的职业技能提升是应对行业变化、保持职场竞争力的核心,职场,正面
73,桌游、剧本杀等线下娱乐活动成为年轻人社交的重要方式，能够增进朋友间的互动,娱乐,中性
74,合理的时间管理能够让生活更加有序，提升工作与生活的效率,生活,正面
75,合理的时间管理能够让生活更加有序，提升工作与生活的效率,生活,正面
76,环保的生活理念已经被越来越多的人接受，低碳出行、垃圾分类成为日常,生活,中性
77,音乐是生活中不可或缺的娱乐元素，不同风格的音乐能够适配不同的场景与心情,娱乐,正面
78,环保的生活理念已经被越来越多的人接受，低碳出行、垃圾分类成为日常,生活,负面
79,终身学习的理念已经深入人心，持续学习是个人成长与职业发展的核心动力,教育,正面
80,职业素养的提升是个人职场长期发展的基础，包括责任心、执行力等核心品质,职场,正面
81,终身学习的理念已经深入人心，持续学习是个人成长与职业发展的核心动力,教育,中性
82,音乐、绘画等艺术形式能够丰富人们的精神生活，提升审美能力,生活,正面
83,大数据分析能够从海量数据中挖掘出有价值的信息，为企业决策提供支撑,科技,负面
84,合理的时间管理能够让生活更加有序，提升工作与生活的效率,生活,正面
85,教师的专业能力提升是保障教育质量的核心，持续的师资培训尤为重要,教育,中性
86,音乐是生活中不可或缺的娱乐元素，不同风格的音乐能够适配不同的场景与心情,娱乐,负面
87,行业趋势的洞察与学习能够帮助人们提前做好准备，抓住职业发展的机遇,职场,正面
88,园艺、手工等DIY活动是一种治愈的娱乐方式，能够让人在创作中获得成就感,娱乐,中性
89,音乐是生活中不可或缺的娱乐元素，不同风格的音乐能够适配不同的场景与心情,娱乐,正面
90,园艺、手工等DIY活动是一种治愈的娱乐方式，能够让人在创作中获得成就感,娱乐,负面
91,机器学习算法的优化让计算机视觉、自然语言处理等领域的精度大幅提升,科技,中性
92,定期的体检与健康监测是预防疾病、保持身体健康的重要手段,生活,中性
93,烹饪不仅是满足日常饮食的需求，也是一种放松身心、享受生活的方式,生活,中性
94,脱口秀、相声等语言类节目能够给人带来欢乐，缓解日常的工作与生活压力,娱乐,中性
95,持续的职业技能提升是应对行业变化、保持职场竞争力的核心,职场,正面
96,职场中的沟通能力是高效协作的基础，清晰的表达与倾听同样重要,职场,中性
97,教育公平是社会公平的重要基础，推动教育资源均衡分配是长期的发展目标,教育,正面
98,创新教育模式的探索能够更好地激发学生的学习兴趣与创造力,教育,正面
99,量子计算技术的突破有望解决传统计算机无法处理的复杂计算问题,科技,中性
100,书法、绘画等艺术创作是一种高雅的娱乐方式，能够提升个人的审美与修养,娱乐,正面
101,音乐、绘画等艺术形式能够丰富人们的精神生活，提升审美能力,生活,中性
102,高等教育的改革更加注重产学研结合，培养学生的实践能力与创新思维,教育,中性
103,阅读是丰富个人精神世界、提升认知水平的低成本高回报的方式,生活,正面
104,数字化转型已经成为传统企业提升竞争力的必经之路，技术赋能是核心,科技,中性
105,合理的时间管理能够让生活更加有序，提升工作与生活的效率,生活,正面
106,书法、绘画等艺术创作是一种高雅的娱乐方式，能够提升个人的审美与修养,娱乐,正面
107,脱口秀、相声等语言类节目能够给人带来欢乐，缓解日常的工作与生活压力,娱乐,中性
108,区块链技术的去中心化特性为数据安全与信任机制提供了新的解决方案,科技,正面
109,职业素养的提升是个人职场长期发展的基础，包括责任心、执行力等核心品质,职场,正面
110,网络安全技术的升级是保障个人隐私与企业数据安全的核心基础,科技,正面
111,运动不仅是健身的方式，也是一种娱乐活动，能够让人在运动中释放压力,娱乐,正面
112,开源软件生态的完善为开发者提供了大量优质的工具与框架，降低了开发门槛,科技,中性
113,素质教育的推进更加注重学生的综合能力培养，而非仅仅关注考试成绩,教育,中性
114,阅读是丰富个人精神世界、提升认知水平的低成本高回报的方式,生活,正面
115,解决问题的能力是职场核心竞争力，面对难题能够快速找到解决方案,职场,正面
116,书法、绘画等艺术创作是一种高雅的娱乐方式，能够提升个人的审美与修养,娱乐,中性
117,终身学习的理念已经深入人心，持续学习是个人成长与职业发展的核心动力,教育,正面
118,骑行、徒步等户外活动是一种健康的娱乐方式，能够让人亲近自然，放松身心,娱乐,正面
119,书法、绘画等艺术创作是一种高雅的娱乐方式，能够提升个人的审美与修养,娱乐,正面
120,大数据分析能够从海量数据中挖掘出有价值的信息，为企业决策提供支撑,科技,中性
121,团队协作能力是职场中不可或缺的素质，良好的团队氛围能够提升整体效率,职场,正面
122,阅读是丰富个人精神世界、提升认知水平的低成本高回报的方式,生活,负面
123,5G网络的商用落地推动了物联网、自动驾驶等新兴技术的快速发展,科技,中性
124,行业趋势的洞察与学习能够帮助人们提前做好准备，抓住职业发展的机遇,职场,正面
125,阅读是丰富个人精神世界、提升认知水平的低成本高回报的方式,生活,正面
126,网络安全技术的升级是保障个人隐私与企业数据安全的核心基础,科技,正面
127,职业素养的提升是个人职场长期发展的基础，包括责任心、执行力等核心品质,职场,正面
128,机器学习算法的优化让计算机视觉、自然语言处理等领域的精度大幅提升,科技,正面
129,园艺、手工等DIY活动是一种治愈的娱乐方式，能够让人在创作中获得成就感,娱乐,正面
130,开源软件生态的完善为开发者提供了大量优质的工具与框架，降低了开发门槛,科技,正面
131,脱口秀、相声等语言类节目能够给人带来欢乐，缓解日常的工作与生活压力,娱乐,正面
132,解决问题的能力是职场核心竞争力，面对难题能够快速找到解决方案,职场,正面
133,区块链技术的去中心化特性为数据安全与信任机制提供了新的解决方案,科技,正面
134,学前教育的规范化发展为孩子的早期成长提供了科学的引导与保障,教育,负面
135,脱口秀、相声等语言类节目能够给人带来欢乐，缓解日常的工作与生活压力,娱乐,正面
136,骑行、徒步等户外活动是一种健康的娱乐方式，能够让人亲近自然，放松身心,娱乐,中性
137,开源软件生态的完善为开发者提供了大量优质的工具与框架，降低了开发门槛,科技,正面
138,环保的生活理念已经被越来越多的人接受，低碳出行、垃圾分类成为日常,生活,正面
139,职业素养的提升是个人职场长期发展的基础，包括责任心、执行力等核心品质,职场,正面
140,职场中的沟通能力是高效协作的基础，清晰的表达与倾听同样重要,职场,正面
141,创新教育模式的探索能够更好地激发学生的学习兴趣与创造力,教育,正面
142,教育公平是社会公平的重要基础，推动教育资源均衡分配是长期的发展目标,教育,负面
143,教育公平是社会公平的重要基础，推动教育资源均衡分配是长期的发展目标,教育,正面
144,开源软件生态的完善为开发者提供了大量优质的工具与框架，降低了开发门槛,科技,正面
145,定期的体检与健康监测是预防疾病、保持身体健康的重要手段,生活,正面
146,大数据分析能够从海量数据中挖掘出有价值的信息，为企业决策提供支撑,科技,正面
147,终身学习的理念已经深入人心，持续学习是个人成长与职业发展的核心动力,教育,中性
148,区块链技术的去中心化特性为数据安全与信任机制提供了新的解决方案,科技,中性
149,阅读是丰富个人精神世界、提升认知水平的低成本高回报的方式,生活,正面
150,良好的人际关系是提升生活幸福感的重要因素，真诚的沟通是核心,生活,正面
151,清晰的职业规划是个人职场发展的核心，能够为成长提供明确的方向,职场,正面
152,人工智能技术的快速发展正在深刻改变各行各业的生产与服务模式,科技,正面
153,阅读是丰富个人精神世界、提升认知水平的低成本高回报的方式,生活,负面
154,大数据分析能够从海量数据中挖掘出有价值的信息，为企业决策提供支撑,科技,正面
155,人工智能技术的快速发展正在深刻改变各行各业的生产与服务模式,科技,正面
156,书法、绘画等艺术创作是一种高雅的娱乐方式，能够提升个人的审美与修养,娱乐,中性
157,定期的体检与健康监测是预防疾病、保持身体健康的重要手段,生活,正面
158,阅读是丰富个人精神世界、提升认知水平的低成本高回报的方式,生活,正面
159,行业趋势的洞察与学习能够帮助人们提前做好准备，抓住职业发展的机遇,职场,中性
160,烹饪不仅是满足日常饮食的需求，也是一种放松身心、享受生活的方式,生活,正面
161,团队协作能力是职场中不可或缺的素质，良好的团队氛围能够提升整体效率,职场,正面
162,教育公平是社会公平的重要基础，推动教育资源均衡分配是长期的发展目标,教育,正面
163,终身学习的理念已经深入人心，持续学习是个人成长与职业发展的核心动力,教育,正面
164,区块链技术的去中心化特性为数据安全与信任机制提供了新的解决方案,科技,负面
165,职场中的沟通能力是高效协作的基础，清晰的表达与倾听同样重要,职场,中性
166,团队协作能力是职场中不可或缺的素质，良好的团队氛围能够提升整体效率,职场,负面
167,合理的时间管理能够让生活更加有序，提升工作与生活的效率,生活,正面
168,桌游、剧本杀等线下娱乐活动成为年轻人社交的重要方式，能够增进朋友间的互动,娱乐,负面
169,阅读小说是一种放松身心的娱乐方式，能够让人沉浸在不同的故事世界中,娱乐,正面
170,骑行、徒步等户外活动是一种健康的娱乐方式，能够让人亲近自然，放松身心,娱乐,正面
171,职场中的时间管理能力能够帮助人们高效完成工作，平衡工作与生活,职场,正面
172,定期的体检与健康监测是预防疾病、保持身体健康的重要手段,生活,正面
173,音乐是生活中不可或缺的娱乐元素，不同风格的音乐能够适配不同的场景与心情,娱乐,正面
174,健康的生活方式需要合理的饮食、规律的作息与适度的运动相结合,生活,中性
175,职场中的情绪管理能力能够帮助人们更好地应对工作压力，保持良好的状态,职场,正面
176,素质教育的推进更加注重学生的综合能力培养，而非仅仅关注考试成绩,教育,正面
177,清晰的职业规划是个人职场发展的核心，能够为成长提供明确的方向,职场,正面
178,创新教育模式的探索能够更好地激发学生的学习兴趣与创造力,教育,正面
179,音乐、绘画等艺术形式能够丰富人们的精神生活，提升审美能力,生活,正面
180,职场中的情绪管理能力能够帮助人们更好地应对工作压力，保持良好的状态,职场,中性
181,大数据分析能够从海量数据中挖掘出有价值的信息，为企业决策提供支撑,科技,正面
182,高等教育的改革更加注重产学研结合，培养学生的实践能力与创新思维,教育,正面
183,音乐、绘画等艺术形式能够丰富人们的精神生活，提升审美能力,生活,中性
184,云计算技术的普及降低了企业的IT运维成本，提升了系统的弹性与稳定性,科技,正面
185,职业教育的发展为社会培养了大量技能型人才，填补了行业的人才缺口,教育,正面
186,家庭教育是孩子成长过程中不可或缺的部分，良好的家庭氛围助力孩子健康成长,教育,正面
187,持续的职业技能提升是应对行业变化、保持职场竞争力的核心,职场,中性
188,职场中的时间管理能力能够帮助人们高效完成工作，平衡工作与生活,职场,正面
189,音乐是生活中不可或缺的娱乐元素，不同风格的音乐能够适配不同的场景与心情,娱乐,正面
190,环保的生活理念已经被越来越多的人接受，低碳出行、垃圾分类成为日常,生活,正面
191,职场中的情绪管理能力能够帮助人们更好地应对工作压力，保持良好的状态,职场,中性
192,量子计算技术的突破有望解决传统计算机无法处理的复杂计算问题,科技,中性
193,园艺、手工等DIY活动是一种治愈的娱乐方式，能够让人在创作中获得成就感,娱乐,正面
194,素质教育的推进更加注重学生的综合能力培养，而非仅仅关注考试成绩,教育,中性
195,旅行能够开阔人的视野，体验不同的地域文化，丰富人生阅历,生活,正面
196,音乐是生活中不可或缺的娱乐元素，不同风格的音乐能够适配不同的场景与心情,娱乐,正面
197,阅读是丰富个人精神世界、提升认知水平的低成本高回报的方式,生活,正面
198,职场中的复盘总结能够帮助人们从经验中学习，持续优化工作方法,职场,中性
199,网络安全技术的升级是保障个人隐私与企业数据安全的核心基础,科技,正面
200,机器学习算法的优化让计算机视觉、自然语言处理等领域的精度大幅提升,科技,中性
201,学前教育的规范化发展为孩子的早期成长提供了科学的引导与保障,教育,正面
202,合理的时间管理能够让生活更加有序，提升工作与生活的效率,生活,正面
203,教师的专业能力提升是保障教育质量的核心，持续的师资培训尤为重要,教育,正面
204,家庭教育是孩子成长过程中不可或缺的部分，良好的家庭氛围助力孩子健康成长,教育,正面
205,旅行能够开阔人的视野，体验不同的地域文化，丰富人生阅历,生活,中性
206,云计算技术的普及降低了企业的IT运维成本，提升了系统的弹性与稳定性,科技,正面
207,人工智能技术的快速发展正在深刻改变各行各业的生产与服务模式,科技,正面
208,云计算技术的普及降低了企业的IT运维成本，提升了系统的弹性与稳定性,科技,正面
209,定期的体检与健康监测是预防疾病、保持身体健康的重要手段,生活,正面
210,电影是一种重要的娱乐方式，优秀的电影作品能够给人带来情感的共鸣与思考,娱乐,正面
211,清晰的职业规划是个人职场发展的核心，能够为成长提供明确的方向,职场,正面
212,区块链技术的去中心化特性为数据安全与信任机制提供了新的解决方案,科技,正面
213,网络安全技术的升级是保障个人隐私与企业数据安全的核心基础,科技,正面
214,家庭教育是孩子成长过程中不可或缺的部分，良好的家庭氛围助力孩子健康成长,教育,负面
215,合理的时间管理能够让生活更加有序，提升工作与生活的效率,生活,中性
216,家庭教育是孩子成长过程中不可或缺的部分，良好的家庭氛围助力孩子健康成长,教育,正面
217,阅读小说是一种放松身心的娱乐方式，能够让人沉浸在不同的故事世界中,娱乐,正面
218,脱口秀、相声等语言类节目能够给人带来欢乐，缓解日常的工作与生活压力,娱乐,正面
219,5G网络的商用落地推动了物联网、自动驾驶等新兴技术的快速发展,科技,负面
220,行业趋势的洞察与学习能够帮助人们提前做好准备，抓住职业发展的机遇,职场,负面
221,环保的生活理念已经被越来越多的人接受，低碳出行、垃圾分类成为日常,生活,正面
222,人工智能技术的快速发展正在深刻改变各行各业的生产与服务模式,科技,正面
223,职场中的沟通能力是高效协作的基础，清晰的表达与倾听同样重要,职场,正面
224,高等教育的改革更加注重产学研结合，培养学生的实践能力与创新思维,教育,中性
225,5G网络的商用落地推动了物联网、自动驾驶等新兴技术的快速发展,科技,正面
226,合理的时间管理能够让生活更加有序，提升工作与生活的效率,生活,中性
227,教育公平是社会公平的重要基础，推动教育资源均衡分配是长期的发展目标,教育,中性
228,职场中的沟通能力是高效协作的基础，清晰的表达与倾听同样重要,职场,中性
229,区块链技术的去中心化特性为数据安全与信任机制提供了新的解决方案,科技,中性
230,大数据分析能够从海量数据中挖掘出有价值的信息，为企业决策提供支撑,科技,正面
231,阅读是丰富个人精神世界、提升认知水平的低成本高回报的方式,生活,正面
232,人工智能技术的快速发展正在深刻改变各行各业的生产与服务模式,科技,正面
233,脱口秀、相声等语言类节目能够给人带来欢乐，缓解日常的工作与生活压力,娱乐,正面
234,持续的职业技能提升是应对行业变化、保持职场竞争力的核心,职场,正面
235,解决问题的能力是职场核心竞争力，面对难题能够快速找到解决方案,职场,中性
236,合理的时间管理能够让生活更加有序，提升工作与生活的效率,生活,正面
237,教育公平是社会公平的重要基础，推动教育资源均衡分配是长期的发展目标,教育,正面
238,职场中的复盘总结能够帮助人们从经验中学习，持续优化工作方法,职场,正面
239,音乐是生活中不可或缺的娱乐元素，不同风格的音乐能够适配不同的场景与心情,娱乐,负面
240,素质教育的推进更加注重学生的综合能力培养，而非仅仅关注考试成绩,教育,正面
241,旅行能够开阔人的视野，体验不同的地域文化，丰富人生阅历,生活,正面
242,环保的生活理念已经被越来越多的人接受，低碳出行、垃圾分类成为日常,生活,正面
243,合理的时间管理能够让生活更加有序，提升工作与生活的效率,生活,中性
244,书法、绘画等艺术创作是一种高雅的娱乐方式，能够提升个人的审美与修养,娱乐,正面
245,音乐、绘画等艺术形式能够丰富人们的精神生活，提升审美能力,生活,正面
246,职场中的沟通能力是高效协作的基础，清晰的表达与倾听同样重要,职场,正面
247,桌游、剧本杀等线下娱乐活动成为年轻人社交的重要方式，能够增进朋友间的互动,娱乐,负面
248,职场中的情绪管理能力能够帮助人们更好地应对工作压力，保持良好的状态,职场,中性
249,解决问题的能力是职场核心竞争力，面对难题能够快速找到解决方案,职场,正面
250,职业素养的提升是个人职场长期发展的基础，包括责任心、执行力等核心品质,职场,正面
251,骑行、徒步等户外活动是一种健康的娱乐方式，能够让人亲近自然，放松身心,娱乐,中性
252,宠物的陪伴能够给人们带来情感上的慰藉，提升生活的幸福感,生活,正面
253,运动不仅是健身的方式，也是一种娱乐活动，能够让人在运动中释放压力,娱乐,正面
254,大数据分析能够从海量数据中挖掘出有价值的信息，为企业决策提供支撑,科技,正面
255,持续的职业技能提升是应对行业变化、保持职场竞争力的核心,职场,正面
256,环保的生活理念已经被越来越多的人接受，低碳出行、垃圾分类成为日常,生活,负面
257,教育公平是社会公平的重要基础，推动教育资源均衡分配是长期的发展目标,教育,正面
258,职业素养的提升是个人职场长期发展的基础，包括责任心、执行力等核心品质,职场,正面
259,终身学习的理念已经深入人心，持续学习是个人成长与职业发展的核心动力,教育,正面
260,学前教育的规范化发展为孩子的早期成长提供了科学的引导与保障,教育,中性
261,旅行能够开阔人的视野，体验不同的地域文化，丰富人生阅历,生活,中性
262,合理的时间管理能够让生活更加有序，提升工作与生活的效率,生活,正面
263,终身学习的理念已经深入人心，持续学习是个人成长与职业发展的核心动力,教育,正面
264,园艺、手工等DIY活动是一种治愈的娱乐方式，能够让人在创作中获得成就感,娱乐,中性
265,开源软件生态的完善为开发者提供了大量优质的工具与框架，降低了开发门槛,科技,正面
266,数字化转型已经成为传统企业提升竞争力的必经之路，技术赋能是核心,科技,正面
267,学前教育的规范化发展为孩子的早期成长提供了科学的引导与保障,教育,正面
268,书法、绘画等艺术创作是一种高雅的娱乐方式，能够提升个人的审美与修养,娱乐,正面
269,区块链技术的去中心化特性为数据安全与信任机制提供了新的解决方案,科技,中性
270,清晰的职业规划是个人职场发展的核心，能够为成长提供明确的方向,职场,正面
271,合理的时间管理能够让生活更加有序，提升工作与生活的效率,生活,负面
272,网络安全技术的升级是保障个人隐私与企业数据安全的核心基础,科技,中性
273,家庭教育是孩子成长过程中不可或缺的部分，良好的家庭氛围助力孩子健康成长,教育,正面
274,桌游、剧本杀等线下娱乐活动成为年轻人社交的重要方式，能够增进朋友间的互动,娱乐,中性
275,阅读小说是一种放松身心的娱乐方式，能够让人沉浸在不同的故事世界中,娱乐,正面
276,教育公平是社会公平的重要基础，推动教育资源均衡分配是长期的发展目标,教育,正面
277,摄影是一种记录生活、发现美的娱乐方式，能够用镜头留住美好的瞬间,娱乐,中性
278,机器学习算法的优化让计算机视觉、自然语言处理等领域的精度大幅提升,科技,中性
279,职业教育的发展为社会培养了大量技能型人才，填补了行业的人才缺口,教育,正面
280,骑行、徒步等户外活动是一种健康的娱乐方式，能够让人亲近自然，放松身心,娱乐,正面
281,行业趋势的洞察与学习能够帮助人们提前做好准备，抓住职业发展的机遇,职场,中性
282,阅读小说是一种放松身心的娱乐方式，能够让人沉浸在不同的故事世界中,娱乐,正面
283,行业趋势的洞察与学习能够帮助人们提前做好准备，抓住职业发展的机遇,职场,正面
284,创新教育模式的探索能够更好地激发学生的学习兴趣与创造力,教育,中性
285,书法、绘画等艺术创作是一种高雅的娱乐方式，能够提升个人的审美与修养,娱乐,正面
286,网络安全技术的升级是保障个人隐私与企业数据安全的核心基础,科技,正面
287,教师的专业能力提升是保障教育质量的核心，持续的师资培训尤为重要,教育,正面
288,团队协作能力是职场中不可或缺的素质，良好的团队氛围能够提升整体效率,职场,中性
289,家庭教育是孩子成长过程中不可或缺的部分，良好的家庭氛围助力孩子健康成长,教育,中性
290,终身学习的理念已经深入人心，持续学习是个人成长与职业发展的核心动力,教育,正面
291,家庭教育是孩子成长过程中不可或缺的部分，良好的家庭氛围助力孩子健康成长,教育,正面
292,阅读小说是一种放松身心的娱乐方式，能够让人沉浸在不同的故事世界中,娱乐,正面
293,骑行、徒步等户外活动是一种健康的娱乐方式，能够让人亲近自然，放松身心,娱乐,正面
294,云计算技术的普及降低了企业的IT运维成本，提升了系统的弹性与稳定性,科技,中性
295,数字化转型已经成为传统企业提升竞争力的必经之路，技术赋能是核心,科技,正面
296,阅读是丰富个人精神世界、提升认知水平的低成本高回报的方式,生活,中性
297,高等教育的改革更加注重产学研结合，培养学生的实践能力与创新思维,教育,正面
298,职业素养的提升是个人职场长期发展的基础，包括责任心、执行力等核心品质,职场,中性
299,音乐是生活中不可或缺的娱乐元素，不同风格的音乐能够适配不同的场景与心情,娱乐,中性
300,摄影是一种记录生活、发现美的娱乐方式，能够用镜头留住美好的瞬间,娱乐,正面
301,5G网络的商用落地推动了物联网、自动驾驶等新兴技术的快速发展,科技,正面
302,园艺、手工等DIY活动是一种治愈的娱乐方式，能够让人在创作中获得成就感,娱乐,正面
303,环保的生活理念已经被越来越多的人接受，低碳出行、垃圾分类成为日常,生活,中性
304,职场中的沟通能力是高效协作的基础，清晰的表达与倾听同样重要,职场,正面
305,定期的体检与健康监测是预防疾病、保持身体健康的重要手段,生活,正面
306,区块链技术的去中心化特性为数据安全与信任机制提供了新的解决方案,科技,正面
307,健康的生活方式需要合理的饮食、规律的作息与适度的运动相结合,生活,负面
308,良好的人际关系是提升生活幸福感的重要因素，真诚的沟通是核心,生活,正面
309,健康的生活方式需要合理的饮食、规律的作息与适度的运动相结合,生活,正面
310,骑行、徒步等户外活动是一种健康的娱乐方式，能够让人亲近自然，放松身心,娱乐,正面
311,职场中的时间管理能力能够帮助人们高效完成工作，平衡工作与生活,职场,负面
312,音乐是生活中不可或缺的娱乐元素，不同风格的音乐能够适配不同的场景与心情,娱乐,负面
313,阅读是丰富个人精神世界、提升认知水平的低成本高回报的方式,生活,正面
314,素质教育的推进更加注重学生的综合能力培养，而非仅仅关注考试成绩,教育,负面
315,数字化转型已经成为传统企业提升竞争力的必经之路，技术赋能是核心,科技,中性
316,阅读是丰富个人精神世界、提升认知水平的低成本高回报的方式,生活,正面
317,电影是一种重要的娱乐方式，优秀的电影作品能够给人带来情感的共鸣与思考,娱乐,负面
318,环保的生活理念已经被越来越多的人接受，低碳出行、垃圾分类成为日常,生活,负面
319,运动不仅是健身的方式，也是一种娱乐活动，能够让人在运动中释放压力,娱乐,中性
320,桌游、剧本杀等线下娱乐活动成为年轻人社交的重要方式，能够增进朋友间的互动,娱乐,正面
321,园艺、手工等DIY活动是一种治愈的娱乐方式，能够让人在创作中获得成就感,娱乐,正面
322,高等教育的改革更加注重产学研结合，培养学生的实践能力与创新思维,教育,正面
323,高等教育的改革更加注重产学研结合，培养学生的实践能力与创新思维,教育,正面
324,脱口秀、相声等语言类节目能够给人带来欢乐，缓解日常的工作与生活压力,娱乐,正面
325,教师的专业能力提升是保障教育质量的核心，持续的师资培训尤为重要,教育,正面
326,解决问题的能力是职场核心竞争力，面对难题能够快速找到解决方案,职场,正面
327,职场中的沟通能力是高效协作的基础，清晰的表达与倾听同样重要,职场,正面
328,电影是一种重要的娱乐方式，优秀的电影作品能够给人带来情感的共鸣与思考,娱乐,正面
329,定期的体检与健康监测是预防疾病、保持身体健康的重要手段,生活,正面
330,素质教育的推进更加注重学生的综合能力培养，而非仅仅关注考试成绩,教育,中性
331,学前教育的规范化发展为孩子的早期成长提供了科学的引导与保障,教育,正面
332,终身学习的理念已经深入人心，持续学习是个人成长与职业发展的核心动力,教育,正面
333,开源软件生态的完善为开发者提供了大量优质的工具与框架，降低了开发门槛,科技,中性
334,开源软件生态的完善为开发者提供了大量优质的工具与框架，降低了开发门槛,科技,正面
335,职场中的沟通能力是高效协作的基础，清晰的表达与倾听同样重要,职场,负面
336,数字化转型已经成为传统企业提升竞争力的必经之路，技术赋能是核心,科技,中性
337,园艺、手工等DIY活动是一种治愈的娱乐方式，能够让人在创作中获得成就感,娱乐,负面
338,音乐、绘画等艺术形式能够丰富人们的精神生活，提升审美能力,生活,中性
339,量子计算技术的突破有望解决传统计算机无法处理的复杂计算问题,科技,中性
340,阅读是丰富个人精神世界、提升认知水平的低成本高回报的方式,生活,正面
341,网络安全技术的升级是保障个人隐私与企业数据安全的核心基础,科技,正面
342,教育公平是社会公平的重要基础，推动教育资源均衡分配是长期的发展目标,教育,正面
343,运动不仅是健身的方式，也是一种娱乐活动，能够让人在运动中释放压力,娱乐,正面
344,职场中的复盘总结能够帮助人们从经验中学习，持续优化工作方法,职场,正面
345,骑行、徒步等户外活动是一种健康的娱乐方式，能够让人亲近自然，放松身心,娱乐,正面
346,良好的人际关系是提升生活幸福感的重要因素，真诚的沟通是核心,生活,正面
347,解决问题的能力是职场核心竞争力，面对难题能够快速找到解决方案,职场,中性
348,行业趋势的洞察与学习能够帮助人们提前做好准备，抓住职业发展的机遇,职场,正面
349,职场中的复盘总结能够帮助人们从经验中学习，持续优化工作方法,职场,正面
350,高等教育的改革更加注重产学研结合，培养学生的实践能力与创新思维,教育,正面
351,高等教育的改革更加注重产学研结合，培养学生的实践能力与创新思维,教育,正面
352,职场中的复盘总结能够帮助人们从经验中学习，持续优化工作方法,职场,正面
353,持续的职业技能提升是应对行业变化、保持职场竞争力的核心,职场,中性
354,大数据分析能够从海量数据中挖掘出有价值的信息，为企业决策提供支撑,科技,正面
355,电影是一种重要的娱乐方式，优秀的电影作品能够给人带来情感的共鸣与思考,娱乐,中性
356,职业素养的提升是个人职场长期发展的基础，包括责任心、执行力等核心品质,职场,中性
357,云计算技术的普及降低了企业的IT运维成本，提升了系统的弹性与稳定性,科技,正面
358,职场中的沟通能力是高效协作的基础，清晰的表达与倾听同样重要,职场,正面
359,健康的生活方式需要合理的饮食、规律的作息与适度的运动相结合,生活,负面
360,阅读是丰富个人精神世界、提升认知水平的低成本高回报的方式,生活,中性
361,良好的人际关系是提升生活幸福感的重要因素，真诚的沟通是核心,生活,正面
362,素质教育的推进更加注重学生的综合能力培养，而非仅仅关注考试成绩,教育,负面
363,创新教育模式的探索能够更好地激发学生的学习兴趣与创造力,教育,负面
364,职场中的情绪管理能力能够帮助人们更好地应对工作压力，保持良好的状态,职场,中性
365,书法、绘画等艺术创作是一种高雅的娱乐方式，能够提升个人的审美与修养,娱乐,正面
366,脱口秀、相声等语言类节目能够给人带来欢乐，缓解日常的工作与生活压力,娱乐,中性
367,合理的时间管理能够让生活更加有序，提升工作与生活的效率,生活,正面
368,健康的生活方式需要合理的饮食、规律的作息与适度的运动相结合,生活,中性
369,合理的时间管理能够让生活更加有序，提升工作与生活的效率,生活,正面
370,线上教育平台的普及打破了地域限制，让优质教育资源能够触达更多人群,教育,正面
371,职场中的复盘总结能够帮助人们从经验中学习，持续优化工作方法,职场,正面
372,线上教育平台的普及打破了地域限制，让优质教育资源能够触达更多人群,教育,正面
373,骑行、徒步等户外活动是一种健康的娱乐方式，能够让人亲近自然，放松身心,娱乐,正面
374,骑行、徒步等户外活动是一种健康的娱乐方式，能够让人亲近自然，放松身心,娱乐,正面
375,网络安全技术的升级是保障个人隐私与企业数据安全的核心基础,科技,中性
376,环保的生活理念已经被越来越多的人接受，低碳出行、垃圾分类成为日常,生活,正面
377,开源软件生态的完善为开发者提供了大量优质的工具与框架，降低了开发门槛,科技,中性
378,持续的职业技能提升是应对行业变化、保持职场竞争力的核心,职场,正面
379,良好的人际关系是提升生活幸福感的重要因素，真诚的沟通是核心,生活,正面
380,旅行能够开阔人的视野，体验不同的地域文化，丰富人生阅历,生活,正面
381,家庭教育是孩子成长过程中不可或缺的部分，良好的家庭氛围助力孩子健康成长,教育,正面
382,线上教育平台的普及打破了地域限制，让优质教育资源能够触达更多人群,教育,负面
383,阅读是丰富个人精神世界、提升认知水平的低成本高回报的方式,生活,正面
384,音乐是生活中不可或缺的娱乐元素，不同风格的音乐能够适配不同的场景与心情,娱乐,中性
385,良好的人际关系是提升生活幸福感的重要因素，真诚的沟通是核心,生活,正面
386,数字化转型已经成为传统企业提升竞争力的必经之路，技术赋能是核心,科技,正面
387,学前教育的规范化发展为孩子的早期成长提供了科学的引导与保障,教育,中性
388,园艺、手工等DIY活动是一种治愈的娱乐方式，能够让人在创作中获得成就感,娱乐,中性
389,素质教育的推进更加注重学生的综合能力培养，而非仅仅关注考试成绩,教育,正面
390,良好的人际关系是提升生活幸福感的重要因素，真诚的沟通是核心,生活,中性
391,摄影是一种记录生活、发现美的娱乐方式，能够用镜头留住美好的瞬间,娱乐,中性
392,园艺、手工等DIY活动是一种治愈的娱乐方式，能够让人在创作中获得成就感,娱乐,正面
393,清晰的职业规划是个人职场发展的核心，能够为成长提供明确的方向,职场,中性
394,量子计算技术的突破有望解决传统计算机无法处理的复杂计算问题,科技,中性
395,书法、绘画等艺术创作是一种高雅的娱乐方式，能够提升个人的审美与修养,娱乐,中性
396,桌游、剧本杀等线下娱乐活动成为年轻人社交的重要方式，能够增进朋友间的互动,娱乐,负面
397,职业素养的提升是个人职场长期发展的基础，包括责任心、执行力等核心品质,职场,正面
398,摄影是一种记录生活、发现美的娱乐方式，能够用镜头留住美好的瞬间,娱乐,正面
399,教师的专业能力提升是保障教育质量的核心，持续的师资培训尤为重要,教育,中性
400,电影是一种重要的娱乐方式，优秀的电影作品能够给人带来情感的共鸣与思考,娱乐,中性
401,开源软件生态的完善为开发者提供了大量优质的工具与框架，降低了开发门槛,科技,正面
402,终身学习的理念已经深入人心，持续学习是个人成长与职业发展的核心动力,教育,正面
403,阅读小说是一种放松身心的娱乐方式，能够让人沉浸在不同的故事世界中,娱乐,正面
404,电影是一种重要的娱乐方式，优秀的电影作品能够给人带来情感的共鸣与思考,娱乐,正面
405,职业教育的发展为社会培养了大量技能型人才，填补了行业的人才缺口,教育,正面
406,大数据分析能够从海量数据中挖掘出有价值的信息，为企业决策提供支撑,科技,正面
407,解决问题的能力是职场核心竞争力，面对难题能够快速找到解决方案,职场,正面
408,网络安全技术的升级是保障个人隐私与企业数据安全的核心基础,科技,正面
409,团队协作能力是职场中不可或缺的素质，良好的团队氛围能够提升整体效率,职场,正面
410,良好的人际关系是提升生活幸福感的重要因素，真诚的沟通是核心,生活,中性
411,定期的体检与健康监测是预防疾病、保持身体健康的重要手段,生活,正面
412,合理的时间管理能够让生活更加有序，提升工作与生活的效率,生活,中性
413,素质教育的推进更加注重学生的综合能力培养，而非仅仅关注考试成绩,教育,正面
414,网络安全技术的升级是保障个人隐私与企业数据安全的核心基础,科技,正面
415,脱口秀、相声等语言类节目能够给人带来欢乐，缓解日常的工作与生活压力,娱乐,正面
416,线上教育平台的普及打破了地域限制，让优质教育资源能够触达更多人群,教育,中性
417,环保的生活理念已经被越来越多的人接受，低碳出行、垃圾分类成为日常,生活,正面
418,宠物的陪伴能够给人们带来情感上的慰藉，提升生活的幸福感,生活,正面
419,云计算技术的普及降低了企业的IT运维成本，提升了系统的弹性与稳定性,科技,正面
420,素质教育的推进更加注重学生的综合能力培养，而非仅仅关注考试成绩,教育,正面
421,团队协作能力是职场中不可或缺的素质，良好的团队氛围能够提升整体效率,职场,中性
422,职场中的沟通能力是高效协作的基础，清晰的表达与倾听同样重要,职场,正面
423,健康的生活方式需要合理的饮食、规律的作息与适度的运动相结合,生活,正面
424,摄影是一种记录生活、发现美的娱乐方式，能够用镜头留住美好的瞬间,娱乐,正面
425,机器学习算法的优化让计算机视觉、自然语言处理等领域的精度大幅提升,科技,中性
426,素质教育的推进更加注重学生的综合能力培养，而非仅仅关注考试成绩,教育,负面
427,教师的专业能力提升是保障教育质量的核心，持续的师资培训尤为重要,教育,正面
428,数字化转型已经成为传统企业提升竞争力的必经之路，技术赋能是核心,科技,中性
429,数字化转型已经成为传统企业提升竞争力的必经之路，技术赋能是核心,科技,正面
430,定期的体检与健康监测是预防疾病、保持身体健康的重要手段,生活,正面
431,良好的人际关系是提升生活幸福感的重要因素，真诚的沟通是核心,生活,正面
432,机器学习算法的优化让计算机视觉、自然语言处理等领域的精度大幅提升,科技,正面
433,持续的职业技能提升是应对行业变化、保持职场竞争力的核心,职场,中性
434,终身学习的理念已经深入人心，持续学习是个人成长与职业发展的核心动力,教育,中性
435,团队协作能力是职场中不可或缺的素质，良好的团队氛围能够提升整体效率,职场,正面
436,书法、绘画等艺术创作是一种高雅的娱乐方式，能够提升个人的审美与修养,娱乐,正面
437,素质教育的推进更加注重学生的综合能力培养，而非仅仅关注考试成绩,教育,负面
438,阅读小说是一种放松身心的娱乐方式，能够让人沉浸在不同的故事世界中,娱乐,正面
439,桌游、剧本杀等线下娱乐活动成为年轻人社交的重要方式，能够增进朋友间的互动,娱乐,正面
440,人工智能技术的快速发展正在深刻改变各行各业的生产与服务模式,科技,正面
441,职业素养的提升是个人职场长期发展的基础，包括责任心、执行力等核心品质,职场,负面
442,书法、绘画等艺术创作是一种高雅的娱乐方式，能够提升个人的审美与修养,娱乐,正面
443,云计算技术的普及降低了企业的IT运维成本，提升了系统的弹性与稳定性,科技,正面
444,定期的体检与健康监测是预防疾病、保持身体健康的重要手段,生活,正面
445,骑行、徒步等户外活动是一种健康的娱乐方式，能够让人亲近自然，放松身心,娱乐,正面
446,高等教育的改革更加注重产学研结合，培养学生的实践能力与创新思维,教育,正面
447,书法、绘画等艺术创作是一种高雅的娱乐方式，能够提升个人的审美与修养,娱乐,中性
448,音乐、绘画等艺术形式能够丰富人们的精神生活，提升审美能力,生活,正面
449,开源软件生态的完善为开发者提供了大量优质的工具与框架，降低了开发门槛,科技,正面
450,运动不仅是健身的方式，也是一种娱乐活动，能够让人在运动中释放压力,娱乐,中性
451,音乐、绘画等艺术形式能够丰富人们的精神生活，提升审美能力,生活,正面
452,运动不仅是健身的方式，也是一种娱乐活动，能够让人在运动中释放压力,娱乐,正面
453,机器学习算法的优化让计算机视觉、自然语言处理等领域的精度大幅提升,科技,中性
454,脱口秀、相声等语言类节目能够给人带来欢乐，缓解日常的工作与生活压力,娱乐,正面
455,高等教育的改革更加注重产学研结合，培养学生的实践能力与创新思维,教育,正面
456,清晰的职业规划是个人职场发展的核心，能够为成长提供明确的方向,职场,中性
457,职业教育的发展为社会培养了大量技能型人才，填补了行业的人才缺口,教育,正面
458,量子计算技术的突破有望解决传统计算机无法处理的复杂计算问题,科技,正面
459,职场中的复盘总结能够帮助人们从经验中学习，持续优化工作方法,职场,中性
460,清晰的职业规划是个人职场发展的核心，能够为成长提供明确的方向,职场,正面
461,良好的人际关系是提升生活幸福感的重要因素，真诚的沟通是核心,生活,正面
462,清晰的职业规划是个人职场发展的核心，能够为成长提供明确的方向,职场,正面
463,网络安全技术的升级是保障个人隐私与企业数据安全的核心基础,科技,正面
464,5G网络的商用落地推动了物联网、自动驾驶等新兴技术的快速发展,科技,正面
465,云计算技术的普及降低了企业的IT运维成本，提升了系统的弹性与稳定性,科技,正面
466,家庭教育是孩子成长过程中不可或缺的部分，良好的家庭氛围助力孩子健康成长,教育,正面
467,机器学习算法的优化让计算机视觉、自然语言处理等领域的精度大幅提升,科技,正面
468,量子计算技术的突破有望解决传统计算机无法处理的复杂计算问题,科技,中性
469,高等教育的改革更加注重产学研结合，培养学生的实践能力与创新思维,教育,正面
470,素质教育的推进更加注重学生的综合能力培养，而非仅仅关注考试成绩,教育,负面
471,量子计算技术的突破有望解决传统计算机无法处理的复杂计算问题,科技,正面
472,团队协作能力是职场中不可或缺的素质，良好的团队氛围能够提升整体效率,职场,中性
473,持续的职业技能提升是应对行业变化、保持职场竞争力的核心,职场,正面
474,桌游、剧本杀等线下娱乐活动成为年轻人社交的重要方式，能够增进朋友间的互动,娱乐,正面
475,机器学习算法的优化让计算机视觉、自然语言处理等领域的精度大幅提升,科技,负面
476,合理的时间管理能够让生活更加有序，提升工作与生活的效率,生活,负面
477,定期的体检与健康监测是预防疾病、保持身体健康的重要手段,生活,正面
478,家庭教育是孩子成长过程中不可或缺的部分，良好的家庭氛围助力孩子健康成长,教育,中性
479,桌游、剧本杀等线下娱乐活动成为年轻人社交的重要方式，能够增进朋友间的互动,娱乐,负面
480,音乐、绘画等艺术形式能够丰富人们的精神生活，提升审美能力,生活,正面
481,职场中的时间管理能力能够帮助人们高效完成工作，平衡工作与生活,职场,正面
482,终身学习的理念已经深入人心，持续学习是个人成长与职业发展的核心动力,教育,中性
483,网络安全技术的升级是保障个人隐私与企业数据安全的核心基础,科技,正面
484,宠物的陪伴能够给人们带来情感上的慰藉，提升生活的幸福感,生活,正面
485,阅读是丰富个人精神世界、提升认知水平的低成本高回报的方式,生活,正面
486,音乐、绘画等艺术形式能够丰富人们的精神生活，提升审美能力,生活,正面
487,持续的职业技能提升是应对行业变化、保持职场竞争力的核心,职场,正面
488,创新教育模式的探索能够更好地激发学生的学习兴趣与创造力,教育,正面
489,音乐、绘画等艺术形式能够丰富人们的精神生活，提升审美能力,生活,正面
490,团队协作能力是职场中不可或缺的素质，良好的团队氛围能够提升整体效率,职场,正面
491,机器学习算法的优化让计算机视觉、自然语言处理等领域的精度大幅提升,科技,正面
492,数字化转型已经成为传统企业提升竞争力的必经之路，技术赋能是核心,科技,负面
493,旅行能够开阔人的视野，体验不同的地域文化，丰富人生阅历,生活,负面
494,书法、绘画等艺术创作是一种高雅的娱乐方式，能够提升个人的审美与修养,娱乐,正面
495,教育公平是社会公平的重要基础，推动教育资源均衡分配是长期的发展目标,教育,正面
496,音乐、绘画等艺术形式能够丰富人们的精神生活，提升审美能力,生活,正面
497,学前教育的规范化发展为孩子的早期成长提供了科学的引导与保障,教育,中性
498,摄影是一种记录生活、发现美的娱乐方式，能够用镜头留住美好的瞬间,娱乐,负面
499,区块链技术的去中心化特性为数据安全与信任机制提供了新的解决方案,科技,中性
500,数字化转型已经成为传统企业提升竞争力的必经之路，技术赋能是核心,科技,负面
501,机器学习算法的优化让计算机视觉、自然语言处理等领域的精度大幅提升,科技,中性
502,职业教育的发展为社会培养了大量技能型人才，填补了行业的人才缺口,教育,正面
503,旅行能够开阔人的视野，体验不同的地域文化，丰富人生阅历,生活,正面
504,区块链技术的去中心化特性为数据安全与信任机制提供了新的解决方案,科技,中性
505,旅行能够开阔人的视野，体验不同的地域文化，丰富人生阅历,生活,正面
506,环保的生活理念已经被越来越多的人接受，低碳出行、垃圾分类成为日常,生活,正面
507,教师的专业能力提升是保障教育质量的核心，持续的师资培训尤为重要,教育,中性
508,烹饪不仅是满足日常饮食的需求，也是一种放松身心、享受生活的方式,生活,正面
509,运动不仅是健身的方式，也是一种娱乐活动，能够让人在运动中释放压力,娱乐,负面
510,宠物的陪伴能够给人们带来情感上的慰藉，提升生活的幸福感,生活,正面
511,职场中的时间管理能力能够帮助人们高效完成工作，平衡工作与生活,职场,负面
512,良好的人际关系是提升生活幸福感的重要因素，真诚的沟通是核心,生活,负面
513,阅读是丰富个人精神世界、提升认知水平的低成本高回报的方式,生活,正面
514,持续的职业技能提升是应对行业变化、保持职场竞争力的核心,职场,中性
515,素质教育的推进更加注重学生的综合能力培养，而非仅仅关注考试成绩,教育,正面
516,职场中的沟通能力是高效协作的基础，清晰的表达与倾听同样重要,职场,正面
517,线上教育平台的普及打破了地域限制，让优质教育资源能够触达更多人群,教育,正面
518,素质教育的推进更加注重学生的综合能力培养，而非仅仅关注考试成绩,教育,中性
519,素质教育的推进更加注重学生的综合能力培养，而非仅仅关注考试成绩,教育,正面
520,区块链技术的去中心化特性为数据安全与信任机制提供了新的解决方案,科技,正面
521,大数据分析能够从海量数据中挖掘出有价值的信息，为企业决策提供支撑,科技,正面
522,良好的人际关系是提升生活幸福感的重要因素，真诚的沟通是核心,生活,正面
523,量子计算技术的突破有望解决传统计算机无法处理的复杂计算问题,科技,中性
524,机器学习算法的优化让计算机视觉、自然语言处理等领域的精度大幅提升,科技,正面
525,持续的职业技能提升是应对行业变化、保持职场竞争力的核心,职场,正面
526,人工智能技术的快速发展正在深刻改变各行各业的生产与服务模式,科技,中性
527,团队协作能力是职场中不可或缺的素质，良好的团队氛围能够提升整体效率,职场,正面
528,良好的人际关系是提升生活幸福感的重要因素，真诚的沟通是核心,生活,负面
529,职场中的时间管理能力能够帮助人们高效完成工作，平衡工作与生活,职场,正面
530,职业教育的发展为社会培养了大量技能型人才，填补了行业的人才缺口,教育,负面
531,大数据分析能够从海量数据中挖掘出有价值的信息，为企业决策提供支撑,科技,正面
532,音乐、绘画等艺术形式能够丰富人们的精神生活，提升审美能力,生活,正面
533,素质教育的推进更加注重学生的综合能力培养，而非仅仅关注考试成绩,教育,中性
534,良好的人际关系是提升生活幸福感的重要因素，真诚的沟通是核心,生活,正面
535,高等教育的改革更加注重产学研结合，培养学生的实践能力与创新思维,教育,中性
536,职场中的时间管理能力能够帮助人们高效完成工作，平衡工作与生活,职场,正面
537,职场中的沟通能力是高效协作的基础，清晰的表达与倾听同样重要,职场,正面
538,高等教育的改革更加注重产学研结合，培养学生的实践能力与创新思维,教育,正面
539,烹饪不仅是满足日常饮食的需求，也是一种放松身心、享受生活的方式,生活,正面
540,职场中的沟通能力是高效协作的基础，清晰的表达与倾听同样重要,职场,正面
541,家庭教育是孩子成长过程中不可或缺的部分，良好的家庭氛围助力孩子健康成长,教育,正面
542,区块链技术的去中心化特性为数据安全与信任机制提供了新的解决方案,科技,正面
543,数字化转型已经成为传统企业提升竞争力的必经之路，技术赋能是核心,科技,正面
544,职场中的情绪管理能力能够帮助人们更好地应对工作压力，保持良好的状态,职场,中性
545,烹饪不仅是满足日常饮食的需求，也是一种放松身心、享受生活的方式,生活,正面
546,园艺、手工等DIY活动是一种治愈的娱乐方式，能够让人在创作中获得成就感,娱乐,中性
547,职业素养的提升是个人职场长期发展的基础，包括责任心、执行力等核心品质,职场,中性
548,脱口秀、相声等语言类节目能够给人带来欢乐，缓解日常的工作与生活压力,娱乐,负面
549,良好的人际关系是提升生活幸福感的重要因素，真诚的沟通是核心,生活,正面
550,环保的生活理念已经被越来越多的人接受，低碳出行、垃圾分类成为日常,生活,中性
551,云计算技术的普及降低了企业的IT运维成本，提升了系统的弹性与稳定性,科技,中性
552,宠物的陪伴能够给人们带来情感上的慰藉，提升生活的幸福感,生活,正面
553,高等教育的改革更加注重产学研结合，培养学生的实践能力与创新思维,教育,正面
554,合理的时间管理能够让生活更加有序，提升工作与生活的效率,生活,正面
555,解决问题的能力是职场核心竞争力，面对难题能够快速找到解决方案,职场,中性
556,合理的时间管理能够让生活更加有序，提升工作与生活的效率,生活,中性
557,团队协作能力是职场中不可或缺的素质，良好的团队氛围能够提升整体效率,职场,正面
558,定期的体检与健康监测是预防疾病、保持身体健康的重要手段,生活,负面
559,良好的人际关系是提升生活幸福感的重要因素，真诚的沟通是核心,生活,中性
560,职场中的时间管理能力能够帮助人们高效完成工作，平衡工作与生活,职场,正面
561,健康的生活方式需要合理的饮食、规律的作息与适度的运动相结合,生活,中性
562,学前教育的规范化发展为孩子的早期成长提供了科学的引导与保障,教育,中性
563,职场中的复盘总结能够帮助人们从经验中学习，持续优化工作方法,职场,正面
564,网络安全技术的升级是保障个人隐私与企业数据安全的核心基础,科技,正面
565,职业素养的提升是个人职场长期发展的基础，包括责任心、执行力等核心品质,职场,中性
566,烹饪不仅是满足日常饮食的需求，也是一种放松身心、享受生活的方式,生活,正面
567,清晰的职业规划是个人职场发展的核心，能够为成长提供明确的方向,职场,正面
568,职业素养的提升是个人职场长期发展的基础，包括责任心、执行力等核心品质,职场,正面
569,音乐、绘画等艺术形式能够丰富人们的精神生活，提升审美能力,生活,正面
570,健康的生活方式需要合理的饮食、规律的作息与适度的运动相结合,生活,负面
571,开源软件生态的完善为开发者提供了大量优质的工具与框架，降低了开发门槛,科技,中性
572,云计算技术的普及降低了企业的IT运维成本，提升了系统的弹性与稳定性,科技,中性
573,持续的职业技能提升是应对行业变化、保持职场竞争力的核心,职场,正面
574,音乐是生活中不可或缺的娱乐元素，不同风格的音乐能够适配不同的场景与心情,娱乐,正面
575,行业趋势的洞察与学习能够帮助人们提前做好准备，抓住职业发展的机遇,职场,正面
576,脱口秀、相声等语言类节目能够给人带来欢乐，缓解日常的工作与生活压力,娱乐,正面
577,脱口秀、相声等语言类节目能够给人带来欢乐，缓解日常的工作与生活压力,娱乐,负面
578,解决问题的能力是职场核心竞争力，面对难题能够快速找到解决方案,职场,负面
579,职场中的情绪管理能力能够帮助人们更好地应对工作压力，保持良好的状态,职场,负面
580,摄影是一种记录生活、发现美的娱乐方式，能够用镜头留住美好的瞬间,娱乐,正面
581,电影是一种重要的娱乐方式，优秀的电影作品能够给人带来情感的共鸣与思考,娱乐,正面
582,数字化转型已经成为传统企业提升竞争力的必经之路，技术赋能是核心,科技,中性
583,量子计算技术的突破有望解决传统计算机无法处理的复杂计算问题,科技,正面
584,终身学习的理念已经深入人心，持续学习是个人成长与职业发展的核心动力,教育,负面
585,职场中的复盘总结能够帮助人们从经验中学习，持续优化工作方法,职场,正面
586,合理的时间管理能够让生活更加有序，提升工作与生活的效率,生活,中性
587,5G网络的商用落地推动了物联网、自动驾驶等新兴技术的快速发展,科技,中性
588,解决问题的能力是职场核心竞争力，面对难题能够快速找到解决方案,职场,正面
589,5G网络的商用落地推动了物联网、自动驾驶等新兴技术的快速发展,科技,正面
590,烹饪不仅是满足日常饮食的需求，也是一种放松身心、享受生活的方式,生活,正面
591,良好的人际关系是提升生活幸福感的重要因素，真诚的沟通是核心,生活,正面
592,烹饪不仅是满足日常饮食的需求，也是一种放松身心、享受生活的方式,生活,正面
593,数字化转型已经成为传统企业提升竞争力的必经之路，技术赋能是核心,科技,正面
594,职场中的复盘总结能够帮助人们从经验中学习，持续优化工作方法,职场,正面
595,职场中的复盘总结能够帮助人们从经验中学习，持续优化工作方法,职场,正面
596,职业教育的发展为社会培养了大量技能型人才，填补了行业的人才缺口,教育,中性
597,开源软件生态的完善为开发者提供了大量优质的工具与框架，降低了开发门槛,科技,正面
598,园艺、手工等DIY活动是一种治愈的娱乐方式，能够让人在创作中获得成就感,娱乐,中性
599,人工智能技术的快速发展正在深刻改变各行各业的生产与服务模式,科技,中性
600,5G网络的商用落地推动了物联网、自动驾驶等新兴技术的快速发展,科技,负面
601,合理的时间管理能够让生活更加有序，提升工作与生活的效率,生活,正面
602,良好的人际关系是提升生活幸福感的重要因素，真诚的沟通是核心,生活,负面
603,数字化转型已经成为传统企业提升竞争力的必经之路，技术赋能是核心,科技,中性
604,人工智能技术的快速发展正在深刻改变各行各业的生产与服务模式,科技,中性
605,宠物的陪伴能够给人们带来情感上的慰藉，提升生活的幸福感,生活,正面
606,职场中的情绪管理能力能够帮助人们更好地应对工作压力，保持良好的状态,职场,负面
607,音乐、绘画等艺术形式能够丰富人们的精神生活，提升审美能力,生活,正面
608,健康的生活方式需要合理的饮食、规律的作息与适度的运动相结合,生活,负面
609,解决问题的能力是职场核心竞争力，面对难题能够快速找到解决方案,职场,正面
610,团队协作能力是职场中不可或缺的素质，良好的团队氛围能够提升整体效率,职场,正面
611,区块链技术的去中心化特性为数据安全与信任机制提供了新的解决方案,科技,中性
612,脱口秀、相声等语言类节目能够给人带来欢乐，缓解日常的工作与生活压力,娱乐,正面
613,量子计算技术的突破有望解决传统计算机无法处理的复杂计算问题,科技,中性
614,人工智能技术的快速发展正在深刻改变各行各业的生产与服务模式,科技,正面
615,量子计算技术的突破有望解决传统计算机无法处理的复杂计算问题,科技,正面
616,职场中的复盘总结能够帮助人们从经验中学习，持续优化工作方法,职场,正面
617,运动不仅是健身的方式，也是一种娱乐活动，能够让人在运动中释放压力,娱乐,正面
618,职业教育的发展为社会培养了大量技能型人才，填补了行业的人才缺口,教育,中性
619,健康的生活方式需要合理的饮食、规律的作息与适度的运动相结合,生活,负面
620,职业素养的提升是个人职场长期发展的基础，包括责任心、执行力等核心品质,职场,正面
621,脱口秀、相声等语言类节目能够给人带来欢乐，缓解日常的工作与生活压力,娱乐,正面
622,教育公平是社会公平的重要基础，推动教育资源均衡分配是长期的发展目标,教育,正面
623,素质教育的推进更加注重学生的综合能力培养，而非仅仅关注考试成绩,教育,中性
624,教育公平是社会公平的重要基础，推动教育资源均衡分配是长期的发展目标,教育,正面
625,教育公平是社会公平的重要基础，推动教育资源均衡分配是长期的发展目标,教育,中性
626,教师的专业能力提升是保障教育质量的核心，持续的师资培训尤为重要,教育,正面
627,阅读是丰富个人精神世界、提升认知水平的低成本高回报的方式,生活,正面
628,家庭教育是孩子成长过程中不可或缺的部分，良好的家庭氛围助力孩子健康成长,教育,正面
629,解决问题的能力是职场核心竞争力，面对难题能够快速找到解决方案,职场,负面
630,行业趋势的洞察与学习能够帮助人们提前做好准备，抓住职业发展的机遇,职场,中性
631,清晰的职业规划是个人职场发展的核心，能够为成长提供明确的方向,职场,正面
632,园艺、手工等DIY活动是一种治愈的娱乐方式，能够让人在创作中获得成就感,娱乐,正面
633,职业教育的发展为社会培养了大量技能型人才，填补了行业的人才缺口,教育,正面
634,教师的专业能力提升是保障教育质量的核心，持续的师资培训尤为重要,教育,正面
635,创新教育模式的探索能够更好地激发学生的学习兴趣与创造力,教育,正面
636,学前教育的规范化发展为孩子的早期成长提供了科学的引导与保障,教育,正面
637,旅行能够开阔人的视野，体验不同的地域文化，丰富人生阅历,生活,中性
638,终身学习的理念已经深入人心，持续学习是个人成长与职业发展的核心动力,教育,中性
639,定期的体检与健康监测是预防疾病、保持身体健康的重要手段,生活,正面
640,音乐是生活中不可或缺的娱乐元素，不同风格的音乐能够适配不同的场景与心情,娱乐,正面
641,良好的人际关系是提升生活幸福感的重要因素，真诚的沟通是核心,生活,正面
642,大数据分析能够从海量数据中挖掘出有价值的信息，为企业决策提供支撑,科技,中性
643,学前教育的规范化发展为孩子的早期成长提供了科学的引导与保障,教育,正面
644,运动不仅是健身的方式，也是一种娱乐活动，能够让人在运动中释放压力,娱乐,正面
645,量子计算技术的突破有望解决传统计算机无法处理的复杂计算问题,科技,负面
646,职场中的复盘总结能够帮助人们从经验中学习，持续优化工作方法,职场,中性
647,人工智能技术的快速发展正在深刻改变各行各业的生产与服务模式,科技,正面
648,5G网络的商用落地推动了物联网、自动驾驶等新兴技术的快速发展,科技,中性
649,解决问题的能力是职场核心竞争力，面对难题能够快速找到解决方案,职场,正面
650,职业教育的发展为社会培养了大量技能型人才，填补了行业的人才缺口,教育,正面
651,教师的专业能力提升是保障教育质量的核心，持续的师资培训尤为重要,教育,正面
652,家庭教育是孩子成长过程中不可或缺的部分，良好的家庭氛围助力孩子健康成长,教育,中性
653,云计算技术的普及降低了企业的IT运维成本，提升了系统的弹性与稳定性,科技,正面
654,学前教育的规范化发展为孩子的早期成长提供了科学的引导与保障,教育,正面
655,良好的人际关系是提升生活幸福感的重要因素，真诚的沟通是核心,生活,中性
656,云计算技术的普及降低了企业的IT运维成本，提升了系统的弹性与稳定性,科技,正面
657,电影是一种重要的娱乐方式，优秀的电影作品能够给人带来情感的共鸣与思考,娱乐,正面
658,职场中的时间管理能力能够帮助人们高效完成工作，平衡工作与生活,职场,正面
659,量子计算技术的突破有望解决传统计算机无法处理的复杂计算问题,科技,正面
660,开源软件生态的完善为开发者提供了大量优质的工具与框架，降低了开发门槛,科技,正面
661,家庭教育是孩子成长过程中不可或缺的部分，良好的家庭氛围助力孩子健康成长,教育,中性
662,量子计算技术的突破有望解决传统计算机无法处理的复杂计算问题,科技,正面
663,阅读是丰富个人精神世界、提升认知水平的低成本高回报的方式,生活,正面
664,行业趋势的洞察与学习能够帮助人们提前做好准备，抓住职业发展的机遇,职场,正面
665,人工智能技术的快速发展正在深刻改变各行各业的生产与服务模式,科技,正面
666,持续的职业技能提升是应对行业变化、保持职场竞争力的核心,职场,正面
667,职业教育的发展为社会培养了大量技能型人才，填补了行业的人才缺口,教育,正面
668,旅行能够开阔人的视野，体验不同的地域文化，丰富人生阅历,生活,正面
669,行业趋势的洞察与学习能够帮助人们提前做好准备，抓住职业发展的机遇,职场,正面
670,职场中的复盘总结能够帮助人们从经验中学习，持续优化工作方法,职场,正面
671,学前教育的规范化发展为孩子的早期成长提供了科学的引导与保障,教育,正面
672,职业素养的提升是个人职场长期发展的基础，包括责任心、执行力等核心品质,职场,正面
673,骑行、徒步等户外活动是一种健康的娱乐方式，能够让人亲近自然，放松身心,娱乐,正面
674,书法、绘画等艺术创作是一种高雅的娱乐方式，能够提升个人的审美与修养,娱乐,正面
675,量子计算技术的突破有望解决传统计算机无法处理的复杂计算问题,科技,正面
676,定期的体检与健康监测是预防疾病、保持身体健康的重要手段,生活,正面
677,大数据分析能够从海量数据中挖掘出有价值的信息，为企业决策提供支撑,科技,正面
678,学前教育的规范化发展为孩子的早期成长提供了科学的引导与保障,教育,正面
679,职场中的沟通能力是高效协作的基础，清晰的表达与倾听同样重要,职场,正面
680,职业教育的发展为社会培养了大量技能型人才，填补了行业的人才缺口,教育,正面
681,网络安全技术的升级是保障个人隐私与企业数据安全的核心基础,科技,正面
682,学前教育的规范化发展为孩子的早期成长提供了科学的引导与保障,教育,正面
683,创新教育模式的探索能够更好地激发学生的学习兴趣与创造力,教育,正面
684,云计算技术的普及降低了企业的IT运维成本，提升了系统的弹性与稳定性,科技,中性
685,合理的时间管理能够让生活更加有序，提升工作与生活的效率,生活,中性
686,书法、绘画等艺术创作是一种高雅的娱乐方式，能够提升个人的审美与修养,娱乐,负面
687,职场中的复盘总结能够帮助人们从经验中学习，持续优化工作方法,职场,中性
688,脱口秀、相声等语言类节目能够给人带来欢乐，缓解日常的工作与生活压力,娱乐,中性
689,书法、绘画等艺术创作是一种高雅的娱乐方式，能够提升个人的审美与修养,娱乐,正面
690,高等教育的改革更加注重产学研结合，培养学生的实践能力与创新思维,教育,正面
691,环保的生活理念已经被越来越多的人接受，低碳出行、垃圾分类成为日常,生活,正面
692,持续的职业技能提升是应对行业变化、保持职场竞争力的核心,职场,正面
693,素质教育的推进更加注重学生的综合能力培养，而非仅仅关注考试成绩,教育,负面
694,摄影是一种记录生活、发现美的娱乐方式，能够用镜头留住美好的瞬间,娱乐,正面
695,定期的体检与健康监测是预防疾病、保持身体健康的重要手段,生活,正面
696,旅行能够开阔人的视野，体验不同的地域文化，丰富人生阅历,生活,正面
697,终身学习的理念已经深入人心，持续学习是个人成长与职业发展的核心动力,教育,正面
698,数字化转型已经成为传统企业提升竞争力的必经之路，技术赋能是核心,科技,正面
699,烹饪不仅是满足日常饮食的需求，也是一种放松身心、享受生活的方式,生活,中性
700,创新教育模式的探索能够更好地激发学生的学习兴趣与创造力,教育,正面
701,持续的职业技能提升是应对行业变化、保持职场竞争力的核心,职场,正面
702,音乐是生活中不可或缺的娱乐元素，不同风格的音乐能够适配不同的场景与心情,娱乐,正面
703,持续的职业技能提升是应对行业变化、保持职场竞争力的核心,职场,正面
704,职业教育的发展为社会培养了大量技能型人才，填补了行业的人才缺口,教育,正面
705,环保的生活理念已经被越来越多的人接受，低碳出行、垃圾分类成为日常,生活,中性
706,解决问题的能力是职场核心竞争力，面对难题能够快速找到解决方案,职场,正面
707,团队协作能力是职场中不可或缺的素质，良好的团队氛围能够提升整体效率,职场,正面
708,创新教育模式的探索能够更好地激发学生的学习兴趣与创造力,教育,中性
709,合理的时间管理能够让生活更加有序，提升工作与生活的效率,生活,中性
710,音乐、绘画等艺术形式能够丰富人们的精神生活，提升审美能力,生活,正面
711,数字化转型已经成为传统企业提升竞争力的必经之路，技术赋能是核心,科技,正面
712,烹饪不仅是满足日常饮食的需求，也是一种放松身心、享受生活的方式,生活,负面
713,职场中的沟通能力是高效协作的基础，清晰的表达与倾听同样重要,职场,中性
714,良好的人际关系是提升生活幸福感的重要因素，真诚的沟通是核心,生活,中性
715,职场中的沟通能力是高效协作的基础，清晰的表达与倾听同样重要,职场,正面
716,持续的职业技能提升是应对行业变化、保持职场竞争力的核心,职场,中性
717,大数据分析能够从海量数据中挖掘出有价值的信息，为企业决策提供支撑,科技,正面
718,职场中的沟通能力是高效协作的基础，清晰的表达与倾听同样重要,职场,正面
719,机器学习算法的优化让计算机视觉、自然语言处理等领域的精度大幅提升,科技,正面
720,学前教育的规范化发展为孩子的早期成长提供了科学的引导与保障,教育,正面
721,团队协作能力是职场中不可或缺的素质，良好的团队氛围能够提升整体效率,职场,正面
722,职场中的复盘总结能够帮助人们从经验中学习，持续优化工作方法,职场,正面
723,阅读小说是一种放松身心的娱乐方式，能够让人沉浸在不同的故事世界中,娱乐,正面
724,开源软件生态的完善为开发者提供了大量优质的工具与框架，降低了开发门槛,科技,正面
725,网络安全技术的升级是保障个人隐私与企业数据安全的核心基础,科技,正面
726,阅读是丰富个人精神世界、提升认知水平的低成本高回报的方式,生活,正面
727,人工智能技术的快速发展正在深刻改变各行各业的生产与服务模式,科技,中性
728,清晰的职业规划是个人职场发展的核心，能够为成长提供明确的方向,职场,中性
729,开源软件生态的完善为开发者提供了大量优质的工具与框架，降低了开发门槛,科技,负面
730,定期的体检与健康监测是预防疾病、保持身体健康的重要手段,生活,正面
731,职场中的情绪管理能力能够帮助人们更好地应对工作压力，保持良好的状态,职场,正面
732,职业素养的提升是个人职场长期发展的基础，包括责任心、执行力等核心品质,职场,负面
733,开源软件生态的完善为开发者提供了大量优质的工具与框架，降低了开发门槛,科技,负面
734,阅读小说是一种放松身心的娱乐方式，能够让人沉浸在不同的故事世界中,娱乐,正面
735,合理的时间管理能够让生活更加有序，提升工作与生活的效率,生活,正面
736,线上教育平台的普及打破了地域限制，让优质教育资源能够触达更多人群,教育,正面
737,桌游、剧本杀等线下娱乐活动成为年轻人社交的重要方式，能够增进朋友间的互动,娱乐,中性
738,摄影是一种记录生活、发现美的娱乐方式，能够用镜头留住美好的瞬间,娱乐,负面
739,人工智能技术的快速发展正在深刻改变各行各业的生产与服务模式,科技,正面
740,行业趋势的洞察与学习能够帮助人们提前做好准备，抓住职业发展的机遇,职场,正面
741,园艺、手工等DIY活动是一种治愈的娱乐方式，能够让人在创作中获得成就感,娱乐,正面
742,持续的职业技能提升是应对行业变化、保持职场竞争力的核心,职场,负面
743,宠物的陪伴能够给人们带来情感上的慰藉，提升生活的幸福感,生活,中性
744,定期的体检与健康监测是预防疾病、保持身体健康的重要手段,生活,正面
745,定期的体检与健康监测是预防疾病、保持身体健康的重要手段,生活,中性
746,网络安全技术的升级是保障个人隐私与企业数据安全的核心基础,科技,正面
747,宠物的陪伴能够给人们带来情感上的慰藉，提升生活的幸福感,生活,中性
748,创新教育模式的探索能够更好地激发学生的学习兴趣与创造力,教育,中性
749,高等教育的改革更加注重产学研结合，培养学生的实践能力与创新思维,教育,正面
750,骑行、徒步等户外活动是一种健康的娱乐方式，能够让人亲近自然，放松身心,娱乐,正面
751,人工智能技术的快速发展正在深刻改变各行各业的生产与服务模式,科技,中性
752,网络安全技术的升级是保障个人隐私与企业数据安全的核心基础,科技,负面
753,健康的生活方式需要合理的饮食、规律的作息与适度的运动相结合,生活,负面
754,创新教育模式的探索能够更好地激发学生的学习兴趣与创造力,教育,中性
755,脱口秀、相声等语言类节目能够给人带来欢乐，缓解日常的工作与生活压力,娱乐,中性
756,量子计算技术的突破有望解决传统计算机无法处理的复杂计算问题,科技,中性
757,健康的生活方式需要合理的饮食、规律的作息与适度的运动相结合,生活,中性
758,宠物的陪伴能够给人们带来情感上的慰藉，提升生活的幸福感,生活,中性
759,清晰的职业规划是个人职场发展的核心，能够为成长提供明确的方向,职场,正面
760,音乐、绘画等艺术形式能够丰富人们的精神生活，提升审美能力,生活,负面
761,云计算技术的普及降低了企业的IT运维成本，提升了系统的弹性与稳定性,科技,正面
762,良好的人际关系是提升生活幸福感的重要因素，真诚的沟通是核心,生活,正面
763,书法、绘画等艺术创作是一种高雅的娱乐方式，能够提升个人的审美与修养,娱乐,正面
764,网络安全技术的升级是保障个人隐私与企业数据安全的核心基础,科技,正面
765,清晰的职业规划是个人职场发展的核心，能够为成长提供明确的方向,职场,正面
766,开源软件生态的完善为开发者提供了大量优质的工具与框架，降低了开发门槛,科技,中性
767,教师的专业能力提升是保障教育质量的核心，持续的师资培训尤为重要,教育,中性
768,清晰的职业规划是个人职场发展的核心，能够为成长提供明确的方向,职场,中性
769,线上教育平台的普及打破了地域限制，让优质教育资源能够触达更多人群,教育,负面
770,素质教育的推进更加注重学生的综合能力培养，而非仅仅关注考试成绩,教育,正面
771,职场中的复盘总结能够帮助人们从经验中学习，持续优化工作方法,职场,正面
772,5G网络的商用落地推动了物联网、自动驾驶等新兴技术的快速发展,科技,正面
773,清晰的职业规划是个人职场发展的核心，能够为成长提供明确的方向,职场,正面
774,园艺、手工等DIY活动是一种治愈的娱乐方式，能够让人在创作中获得成就感,娱乐,负面
775,音乐、绘画等艺术形式能够丰富人们的精神生活，提升审美能力,生活,中性
776,宠物的陪伴能够给人们带来情感上的慰藉，提升生活的幸福感,生活,正面
777,桌游、剧本杀等线下娱乐活动成为年轻人社交的重要方式，能够增进朋友间的互动,娱乐,正面
778,区块链技术的去中心化特性为数据安全与信任机制提供了新的解决方案,科技,负面
779,烹饪不仅是满足日常饮食的需求，也是一种放松身心、享受生活的方式,生活,正面
780,开源软件生态的完善为开发者提供了大量优质的工具与框架，降低了开发门槛,科技,正面
781,运动不仅是健身的方式，也是一种娱乐活动，能够让人在运动中释放压力,娱乐,正面
782,合理的时间管理能够让生活更加有序，提升工作与生活的效率,生活,正面
783,骑行、徒步等户外活动是一种健康的娱乐方式，能够让人亲近自然，放松身心,娱乐,正面
784,职业教育的发展为社会培养了大量技能型人才，填补了行业的人才缺口,教育,正面
785,桌游、剧本杀等线下娱乐活动成为年轻人社交的重要方式，能够增进朋友间的互动,娱乐,中性
786,大数据分析能够从海量数据中挖掘出有价值的信息，为企业决策提供支撑,科技,正面
787,大数据分析能够从海量数据中挖掘出有价值的信息，为企业决策提供支撑,科技,正面
788,宠物的陪伴能够给人们带来情感上的慰藉，提升生活的幸福感,生活,正面
789,开源软件生态的完善为开发者提供了大量优质的工具与框架，降低了开发门槛,科技,中性
790,园艺、手工等DIY活动是一种治愈的娱乐方式，能够让人在创作中获得成就感,娱乐,中性
791,职业素养的提升是个人职场长期发展的基础，包括责任心、执行力等核心品质,职场,中性
792,职业教育的发展为社会培养了大量技能型人才，填补了行业的人才缺口,教育,正面
793,线上教育平台的普及打破了地域限制，让优质教育资源能够触达更多人群,教育,中性
794,音乐、绘画等艺术形式能够丰富人们的精神生活，提升审美能力,生活,中性
795,线上教育平台的普及打破了地域限制，让优质教育资源能够触达更多人群,教育,中性
796,园艺、手工等DIY活动是一种治愈的娱乐方式，能够让人在创作中获得成就感,娱乐,中性
797,区块链技术的去中心化特性为数据安全与信任机制提供了新的解决方案,科技,正面
798,区块链技术的去中心化特性为数据安全与信任机制提供了新的解决方案,科技,正面
799,园艺、手工等DIY活动是一种治愈的娱乐方式，能够让人在创作中获得成就感,娱乐,中性
800,合理的时间管理能够让生活更加有序，提升工作与生活的效率,生活,中性
801,职业教育的发展为社会培养了大量技能型人才，填补了行业的人才缺口,教育,中性
802,量子计算技术的突破有望解决传统计算机无法处理的复杂计算问题,科技,正面
803,高等教育的改革更加注重产学研结合，培养学生的实践能力与创新思维,教育,正面
804,团队协作能力是职场中不可或缺的素质，良好的团队氛围能够提升整体效率,职场,负面
805,素质教育的推进更加注重学生的综合能力培养，而非仅仅关注考试成绩,教育,负面
806,摄影是一种记录生活、发现美的娱乐方式，能够用镜头留住美好的瞬间,娱乐,正面
807,良好的人际关系是提升生活幸福感的重要因素，真诚的沟通是核心,生活,正面
808,量子计算技术的突破有望解决传统计算机无法处理的复杂计算问题,科技,中性
809,园艺、手工等DIY活动是一种治愈的娱乐方式，能够让人在创作中获得成就感,娱乐,正面
810,5G网络的商用落地推动了物联网、自动驾驶等新兴技术的快速发展,科技,正面
811,音乐是生活中不可或缺的娱乐元素，不同风格的音乐能够适配不同的场景与心情,娱乐,负面
812,量子计算技术的突破有望解决传统计算机无法处理的复杂计算问题,科技,正面
813,高等教育的改革更加注重产学研结合，培养学生的实践能力与创新思维,教育,正面
814,清晰的职业规划是个人职场发展的核心，能够为成长提供明确的方向,职场,正面
815,旅行能够开阔人的视野，体验不同的地域文化，丰富人生阅历,生活,中性
816,烹饪不仅是满足日常饮食的需求，也是一种放松身心、享受生活的方式,生活,正面
817,烹饪不仅是满足日常饮食的需求，也是一种放松身心、享受生活的方式,生活,中性
818,量子计算技术的突破有望解决传统计算机无法处理的复杂计算问题,科技,中性
819,阅读小说是一种放松身心的娱乐方式，能够让人沉浸在不同的故事世界中,娱乐,正面
820,职业教育的发展为社会培养了大量技能型人才，填补了行业的人才缺口,教育,正面
821,人工智能技术的快速发展正在深刻改变各行各业的生产与服务模式,科技,正面
822,职场中的沟通能力是高效协作的基础，清晰的表达与倾听同样重要,职场,负面
823,园艺、手工等DIY活动是一种治愈的娱乐方式，能够让人在创作中获得成就感,娱乐,中性
824,骑行、徒步等户外活动是一种健康的娱乐方式，能够让人亲近自然，放松身心,娱乐,正面
825,区块链技术的去中心化特性为数据安全与信任机制提供了新的解决方案,科技,正面
826,清晰的职业规划是个人职场发展的核心，能够为成长提供明确的方向,职场,中性
827,合理的时间管理能够让生活更加有序，提升工作与生活的效率,生活,正面
828,教育公平是社会公平的重要基础，推动教育资源均衡分配是长期的发展目标,教育,正面
829,机器学习算法的优化让计算机视觉、自然语言处理等领域的精度大幅提升,科技,中性
830,5G网络的商用落地推动了物联网、自动驾驶等新兴技术的快速发展,科技,正面
831,合理的时间管理能够让生活更加有序，提升工作与生活的效率,生活,正面
832,职场中的复盘总结能够帮助人们从经验中学习，持续优化工作方法,职场,中性
833,数字化转型已经成为传统企业提升竞争力的必经之路，技术赋能是核心,科技,正面
834,园艺、手工等DIY活动是一种治愈的娱乐方式，能够让人在创作中获得成就感,娱乐,中性
835,旅行能够开阔人的视野，体验不同的地域文化，丰富人生阅历,生活,正面
836,区块链技术的去中心化特性为数据安全与信任机制提供了新的解决方案,科技,中性
837,云计算技术的普及降低了企业的IT运维成本，提升了系统的弹性与稳定性,科技,正面
838,电影是一种重要的娱乐方式，优秀的电影作品能够给人带来情感的共鸣与思考,娱乐,中性
839,持续的职业技能提升是应对行业变化、保持职场竞争力的核心,职场,正面
840,开源软件生态的完善为开发者提供了大量优质的工具与框架，降低了开发门槛,科技,正面
841,人工智能技术的快速发展正在深刻改变各行各业的生产与服务模式,科技,中性
842,音乐是生活中不可或缺的娱乐元素，不同风格的音乐能够适配不同的场景与心情,娱乐,正面
843,良好的人际关系是提升生活幸福感的重要因素，真诚的沟通是核心,生活,正面
844,清晰的职业规划是个人职场发展的核心，能够为成长提供明确的方向,职场,正面
845,阅读小说是一种放松身心的娱乐方式，能够让人沉浸在不同的故事世界中,娱乐,中性
846,书法、绘画等艺术创作是一种高雅的娱乐方式，能够提升个人的审美与修养,娱乐,正面
847,终身学习的理念已经深入人心，持续学习是个人成长与职业发展的核心动力,教育,正面
848,运动不仅是健身的方式，也是一种娱乐活动，能够让人在运动中释放压力,娱乐,正面
849,阅读小说是一种放松身心的娱乐方式，能够让人沉浸在不同的故事世界中,娱乐,正面
850,书法、绘画等艺术创作是一种高雅的娱乐方式，能够提升个人的审美与修养,娱乐,负面
851,机器学习算法的优化让计算机视觉、自然语言处理等领域的精度大幅提升,科技,负面
852,职场中的情绪管理能力能够帮助人们更好地应对工作压力，保持良好的状态,职场,负面
853,区块链技术的去中心化特性为数据安全与信任机制提供了新的解决方案,科技,中性
854,数字化转型已经成为传统企业提升竞争力的必经之路，技术赋能是核心,科技,正面
855,素质教育的推进更加注重学生的综合能力培养，而非仅仅关注考试成绩,教育,中性
856,教师的专业能力提升是保障教育质量的核心，持续的师资培训尤为重要,教育,正面
857,持续的职业技能提升是应对行业变化、保持职场竞争力的核心,职场,中性
858,音乐是生活中不可或缺的娱乐元素，不同风格的音乐能够适配不同的场景与心情,娱乐,中性
859,烹饪不仅是满足日常饮食的需求，也是一种放松身心、享受生活的方式,生活,中性
860,职场中的时间管理能力能够帮助人们高效完成工作，平衡工作与生活,职场,中性
861,人工智能技术的快速发展正在深刻改变各行各业的生产与服务模式,科技,正面
862,数字化转型已经成为传统企业提升竞争力的必经之路，技术赋能是核心,科技,中性
863,大数据分析能够从海量数据中挖掘出有价值的信息，为企业决策提供支撑,科技,负面
864,摄影是一种记录生活、发现美的娱乐方式，能够用镜头留住美好的瞬间,娱乐,负面
865,骑行、徒步等户外活动是一种健康的娱乐方式，能够让人亲近自然，放松身心,娱乐,中性
866,行业趋势的洞察与学习能够帮助人们提前做好准备，抓住职业发展的机遇,职场,正面
867,园艺、手工等DIY活动是一种治愈的娱乐方式，能够让人在创作中获得成就感,娱乐,正面
868,职场中的复盘总结能够帮助人们从经验中学习，持续优化工作方法,职场,正面
869,骑行、徒步等户外活动是一种健康的娱乐方式，能够让人亲近自然，放松身心,娱乐,中性
870,职场中的沟通能力是高效协作的基础，清晰的表达与倾听同样重要,职场,正面
871,宠物的陪伴能够给人们带来情感上的慰藉，提升生活的幸福感,生活,中性
872,烹饪不仅是满足日常饮食的需求，也是一种放松身心、享受生活的方式,生活,中性
873,持续的职业技能提升是应对行业变化、保持职场竞争力的核心,职场,正面
874,线上教育平台的普及打破了地域限制，让优质教育资源能够触达更多人群,教育,正面
875,定期的体检与健康监测是预防疾病、保持身体健康的重要手段,生活,正面
876,阅读小说是一种放松身心的娱乐方式，能够让人沉浸在不同的故事世界中,娱乐,正面
877,书法、绘画等艺术创作是一种高雅的娱乐方式，能够提升个人的审美与修养,娱乐,中性
878,健康的生活方式需要合理的饮食、规律的作息与适度的运动相结合,生活,中性
879,环保的生活理念已经被越来越多的人接受，低碳出行、垃圾分类成为日常,生活,正面
880,持续的职业技能提升是应对行业变化、保持职场竞争力的核心,职场,正面
881,家庭教育是孩子成长过程中不可或缺的部分，良好的家庭氛围助力孩子健康成长,教育,中性
882,脱口秀、相声等语言类节目能够给人带来欢乐，缓解日常的工作与生活压力,娱乐,正面
883,音乐、绘画等艺术形式能够丰富人们的精神生活，提升审美能力,生活,中性
884,素质教育的推进更加注重学生的综合能力培养，而非仅仅关注考试成绩,教育,中性
885,终身学习的理念已经深入人心，持续学习是个人成长与职业发展的核心动力,教育,负面
886,环保的生活理念已经被越来越多的人接受，低碳出行、垃圾分类成为日常,生活,正面
887,持续的职业技能提升是应对行业变化、保持职场竞争力的核心,职场,正面
888,教育公平是社会公平的重要基础，推动教育资源均衡分配是长期的发展目标,教育,正面
889,教师的专业能力提升是保障教育质量的核心，持续的师资培训尤为重要,教育,正面
890,旅行能够开阔人的视野，体验不同的地域文化，丰富人生阅历,生活,中性
891,良好的人际关系是提升生活幸福感的重要因素，真诚的沟通是核心,生活,中性
892,摄影是一种记录生活、发现美的娱乐方式，能够用镜头留住美好的瞬间,娱乐,中性
893,环保的生活理念已经被越来越多的人接受，低碳出行、垃圾分类成为日常,生活,正面
894,人工智能技术的快速发展正在深刻改变各行各业的生产与服务模式,科技,正面
895,创新教育模式的探索能够更好地激发学生的学习兴趣与创造力,教育,中性
896,大数据分析能够从海量数据中挖掘出有价值的信息，为企业决策提供支撑,科技,正面
897,教育公平是社会公平的重要基础，推动教育资源均衡分配是长期的发展目标,教育,负面
898,行业趋势的洞察与学习能够帮助人们提前做好准备，抓住职业发展的机遇,职场,正面
899,摄影是一种记录生活、发现美的娱乐方式，能够用镜头留住美好的瞬间,娱乐,正面
900,阅读是丰富个人精神世界、提升认知水平的低成本高回报的方式,生活,正面
901,旅行能够开阔人的视野，体验不同的地域文化，丰富人生阅历,生活,负面
902,音乐是生活中不可或缺的娱乐元素，不同风格的音乐能够适配不同的场景与心情,娱乐,正面
903,定期的体检与健康监测是预防疾病、保持身体健康的重要手段,生活,负面
904,脱口秀、相声等语言类节目能够给人带来欢乐，缓解日常的工作与生活压力,娱乐,中性
905,脱口秀、相声等语言类节目能够给人带来欢乐，缓解日常的工作与生活压力,娱乐,中性
906,职业教育的发展为社会培养了大量技能型人才，填补了行业的人才缺口,教育,正面
907,云计算技术的普及降低了企业的IT运维成本，提升了系统的弹性与稳定性,科技,中性
908,解决问题的能力是职场核心竞争力，面对难题能够快速找到解决方案,职场,正面
909,云计算技术的普及降低了企业的IT运维成本，提升了系统的弹性与稳定性,科技,正面
910,教育公平是社会公平的重要基础，推动教育资源均衡分配是长期的发展目标,教育,正面
911,旅行能够开阔人的视野，体验不同的地域文化，丰富人生阅历,生活,正面
912,电影是一种重要的娱乐方式，优秀的电影作品能够给人带来情感的共鸣与思考,娱乐,正面
913,素质教育的推进更加注重学生的综合能力培养，而非仅仅关注考试成绩,教育,中性
914,解决问题的能力是职场核心竞争力，面对难题能够快速找到解决方案,职场,正面
915,开源软件生态的完善为开发者提供了大量优质的工具与框架，降低了开发门槛,科技,正面
916,烹饪不仅是满足日常饮食的需求，也是一种放松身心、享受生活的方式,生活,正面
917,云计算技术的普及降低了企业的IT运维成本，提升了系统的弹性与稳定性,科技,负面
918,创新教育模式的探索能够更好地激发学生的学习兴趣与创造力,教育,正面
919,开源软件生态的完善为开发者提供了大量优质的工具与框架，降低了开发门槛,科技,正面
920,网络安全技术的升级是保障个人隐私与企业数据安全的核心基础,科技,中性
921,书法、绘画等艺术创作是一种高雅的娱乐方式，能够提升个人的审美与修养,娱乐,正面
922,清晰的职业规划是个人职场发展的核心，能够为成长提供明确的方向,职场,正面
923,职场中的时间管理能力能够帮助人们高效完成工作，平衡工作与生活,职场,负面
924,脱口秀、相声等语言类节目能够给人带来欢乐，缓解日常的工作与生活压力,娱乐,正面
925,人工智能技术的快速发展正在深刻改变各行各业的生产与服务模式,科技,正面
926,职场中的时间管理能力能够帮助人们高效完成工作，平衡工作与生活,职场,正面
927,教育公平是社会公平的重要基础，推动教育资源均衡分配是长期的发展目标,教育,正面
928,阅读是丰富个人精神世界、提升认知水平的低成本高回报的方式,生活,正面
929,职场中的时间管理能力能够帮助人们高效完成工作，平衡工作与生活,职场,中性
930,烹饪不仅是满足日常饮食的需求，也是一种放松身心、享受生活的方式,生活,中性
931,摄影是一种记录生活、发现美的娱乐方式，能够用镜头留住美好的瞬间,娱乐,正面
932,旅行能够开阔人的视野，体验不同的地域文化，丰富人生阅历,生活,中性
933,终身学习的理念已经深入人心，持续学习是个人成长与职业发展的核心动力,教育,正面
934,5G网络的商用落地推动了物联网、自动驾驶等新兴技术的快速发展,科技,中性
935,阅读是丰富个人精神世界、提升认知水平的低成本高回报的方式,生活,正面
936,区块链技术的去中心化特性为数据安全与信任机制提供了新的解决方案,科技,正面
937,高等教育的改革更加注重产学研结合，培养学生的实践能力与创新思维,教育,正面
938,线上教育平台的普及打破了地域限制，让优质教育资源能够触达更多人群,教育,正面
939,持续的职业技能提升是应对行业变化、保持职场竞争力的核心,职场,正面
940,线上教育平台的普及打破了地域限制，让优质教育资源能够触达更多人群,教育,正面
941,职场中的情绪管理能力能够帮助人们更好地应对工作压力，保持良好的状态,职场,正面
942,音乐、绘画等艺术形式能够丰富人们的精神生活，提升审美能力,生活,正面
943,职场中的时间管理能力能够帮助人们高效完成工作，平衡工作与生活,职场,正面
944,书法、绘画等艺术创作是一种高雅的娱乐方式，能够提升个人的审美与修养,娱乐,正面
945,健康的生活方式需要合理的饮食、规律的作息与适度的运动相结合,生活,正面
946,摄影是一种记录生活、发现美的娱乐方式，能够用镜头留住美好的瞬间,娱乐,正面
947,合理的时间管理能够让生活更加有序，提升工作与生活的效率,生活,正面
948,书法、绘画等艺术创作是一种高雅的娱乐方式，能够提升个人的审美与修养,娱乐,中性
949,素质教育的推进更加注重学生的综合能力培养，而非仅仅关注考试成绩,教育,中性
950,良好的人际关系是提升生活幸福感的重要因素，真诚的沟通是核心,生活,中性
951,高等教育的改革更加注重产学研结合，培养学生的实践能力与创新思维,教育,中性
952,职业素养的提升是个人职场长期发展的基础，包括责任心、执行力等核心品质,职场,中性
953,教师的专业能力提升是保障教育质量的核心，持续的师资培训尤为重要,教育,中性
954,职场中的沟通能力是高效协作的基础，清晰的表达与倾听同样重要,职场,正面
955,创新教育模式的探索能够更好地激发学生的学习兴趣与创造力,教育,正面
956,素质教育的推进更加注重学生的综合能力培养，而非仅仅关注考试成绩,教育,负面
957,职业素养的提升是个人职场长期发展的基础，包括责任心、执行力等核心品质,职场,正面
958,阅读小说是一种放松身心的娱乐方式，能够让人沉浸在不同的故事世界中,娱乐,正面
959,旅行能够开阔人的视野，体验不同的地域文化，丰富人生阅历,生活,负面
960,职场中的复盘总结能够帮助人们从经验中学习，持续优化工作方法,职场,负面
961,量子计算技术的突破有望解决传统计算机无法处理的复杂计算问题,科技,中性
962,网络安全技术的升级是保障个人隐私与企业数据安全的核心基础,科技,中性
963,阅读是丰富个人精神世界、提升认知水平的低成本高回报的方式,生活,正面
964,书法、绘画等艺术创作是一种高雅的娱乐方式，能够提升个人的审美与修养,娱乐,中性
965,阅读是丰富个人精神世界、提升认知水平的低成本高回报的方式,生活,中性
966,素质教育的推进更加注重学生的综合能力培养，而非仅仅关注考试成绩,教育,正面
967,持续的职业技能提升是应对行业变化、保持职场竞争力的核心,职场,正面
968,阅读是丰富个人精神世界、提升认知水平的低成本高回报的方式,生活,负面
969,创新教育模式的探索能够更好地激发学生的学习兴趣与创造力,教育,正面
970,学前教育的规范化发展为孩子的早期成长提供了科学的引导与保障,教育,正面
971,网络安全技术的升级是保障个人隐私与企业数据安全的核心基础,科技,正面
972,摄影是一种记录生活、发现美的娱乐方式，能够用镜头留住美好的瞬间,娱乐,中性
973,数字化转型已经成为传统企业提升竞争力的必经之路，技术赋能是核心,科技,负面
974,阅读是丰富个人精神世界、提升认知水平的低成本高回报的方式,生活,中性
975,网络安全技术的升级是保障个人隐私与企业数据安全的核心基础,科技,正面
976,终身学习的理念已经深入人心，持续学习是个人成长与职业发展的核心动力,教育,中性
977,骑行、徒步等户外活动是一种健康的娱乐方式，能够让人亲近自然，放松身心,娱乐,负面
978,脱口秀、相声等语言类节目能够给人带来欢乐，缓解日常的工作与生活压力,娱乐,正面
979,家庭教育是孩子成长过程中不可或缺的部分，良好的家庭氛围助力孩子健康成长,教育,中性
980,良好的人际关系是提升生活幸福感的重要因素，真诚的沟通是核心,生活,中性
981,电影是一种重要的娱乐方式，优秀的电影作品能够给人带来情感的共鸣与思考,娱乐,中性
982,电影是一种重要的娱乐方式，优秀的电影作品能够给人带来情感的共鸣与思考,娱乐,正面
983,脱口秀、相声等语言类节目能够给人带来欢乐，缓解日常的工作与生活压力,娱乐,中性
984,电影是一种重要的娱乐方式，优秀的电影作品能够给人带来情感的共鸣与思考,娱乐,正面
985,开源软件生态的完善为开发者提供了大量优质的工具与框架，降低了开发门槛,科技,正面
986,量子计算技术的突破有望解决传统计算机无法处理的复杂计算问题,科技,正面
987,运动不仅是健身的方式，也是一种娱乐活动，能够让人在运动中释放压力,娱乐,正面
988,电影是一种重要的娱乐方式，优秀的电影作品能够给人带来情感的共鸣与思考,娱乐,正面
989,园艺、手工等DIY活动是一种治愈的娱乐方式，能够让人在创作中获得成就感,娱乐,中性
990,区块链技术的去中心化特性为数据安全与信任机制提供了新的解决方案,科技,正面
991,持续的职业技能提升是应对行业变化、保持职场竞争力的核心,职场,中性
992,职场中的情绪管理能力能够帮助人们更好地应对工作压力，保持良好的状态,职场,正面
993,职场中的沟通能力是高效协作的基础，清晰的表达与倾听同样重要,职场,负面
994,教师的专业能力提升是保障教育质量的核心，持续的师资培训尤为重要,教育,中性
995,人工智能技术的快速发展正在深刻改变各行各业的生产与服务模式,科技,正面
996,运动不仅是健身的方式，也是一种娱乐活动，能够让人在运动中释放压力,娱乐,正面
997,骑行、徒步等户外活动是一种健康的娱乐方式，能够让人亲近自然，放松身心,娱乐,正面
998,开源软件生态的完善为开发者提供了大量优质的工具与框架，降低了开发门槛,科技,正面
999,区块链技术的去中心化特性为数据安全与信任机制提供了新的解决方案,科技,中性
1000,烹饪不仅是满足日常饮食的需求，也是一种放松身心、享受生活的方式,生活,正面
1001,创新教育模式的探索能够更好地激发学生的学习兴趣与创造力,教育,中性
1002,合理的时间管理能够让生活更加有序，提升工作与生活的效率,生活,正面
1003,园艺、手工等DIY活动是一种治愈的娱乐方式，能够让人在创作中获得成就感,娱乐,中性
1004,职业教育的发展为社会培养了大量技能型人才，填补了行业的人才缺口,教育,正面
1005,电影是一种重要的娱乐方式，优秀的电影作品能够给人带来情感的共鸣与思考,娱乐,中性
1006,线上教育平台的普及打破了地域限制，让优质教育资源能够触达更多人群,教育,正面
1007,素质教育的推进更加注重学生的综合能力培养，而非仅仅关注考试成绩,教育,正面
1008,桌游、剧本杀等线下娱乐活动成为年轻人社交的重要方式，能够增进朋友间的互动,娱乐,正面
1009,终身学习的理念已经深入人心，持续学习是个人成长与职业发展的核心动力,教育,正面
1010,环保的生活理念已经被越来越多的人接受，低碳出行、垃圾分类成为日常,生活,中性
1011,合理的时间管理能够让生活更加有序，提升工作与生活的效率,生活,正面
1012,家庭教育是孩子成长过程中不可或缺的部分，良好的家庭氛围助力孩子健康成长,教育,正面
1013,云计算技术的普及降低了企业的IT运维成本，提升了系统的弹性与稳定性,科技,中性
1014,职场中的时间管理能力能够帮助人们高效完成工作，平衡工作与生活,职场,中性
1015,烹饪不仅是满足日常饮食的需求，也是一种放松身心、享受生活的方式,生活,负面
1016,职业素养的提升是个人职场长期发展的基础，包括责任心、执行力等核心品质,职场,正面
1017,职场中的复盘总结能够帮助人们从经验中学习，持续优化工作方法,职场,中性
1018,职场中的复盘总结能够帮助人们从经验中学习，持续优化工作方法,职场,负面
1019,旅行能够开阔人的视野，体验不同的地域文化，丰富人生阅历,生活,负面
1020,职业素养的提升是个人职场长期发展的基础，包括责任心、执行力等核心品质,职场,正面
1021,创新教育模式的探索能够更好地激发学生的学习兴趣与创造力,教育,正面
1022,脱口秀、相声等语言类节目能够给人带来欢乐，缓解日常的工作与生活压力,娱乐,正面
1023,阅读是丰富个人精神世界、提升认知水平的低成本高回报的方式,生活,中性
1024,旅行能够开阔人的视野，体验不同的地域文化，丰富人生阅历,生活,正面
1025,5G网络的商用落地推动了物联网、自动驾驶等新兴技术的快速发展,科技,负面
1026,大数据分析能够从海量数据中挖掘出有价值的信息，为企业决策提供支撑,科技,正面
1027,音乐、绘画等艺术形式能够丰富人们的精神生活，提升审美能力,生活,正面
1028,大数据分析能够从海量数据中挖掘出有价值的信息，为企业决策提供支撑,科技,中性
1029,5G网络的商用落地推动了物联网、自动驾驶等新兴技术的快速发展,科技,正面
1030,职场中的沟通能力是高效协作的基础，清晰的表达与倾听同样重要,职场,中性
1031,团队协作能力是职场中不可或缺的素质，良好的团队氛围能够提升整体效率,职场,正面
1032,合理的时间管理能够让生活更加有序，提升工作与生活的效率,生活,中性
1033,健康的生活方式需要合理的饮食、规律的作息与适度的运动相结合,生活,正面
1034,合理的时间管理能够让生活更加有序，提升工作与生活的效率,生活,正面
1035,运动不仅是健身的方式，也是一种娱乐活动，能够让人在运动中释放压力,娱乐,中性
1036,解决问题的能力是职场核心竞争力，面对难题能够快速找到解决方案,职场,正面
1037,云计算技术的普及降低了企业的IT运维成本，提升了系统的弹性与稳定性,科技,正面
1038,摄影是一种记录生活、发现美的娱乐方式，能够用镜头留住美好的瞬间,娱乐,正面
1039,职业教育的发展为社会培养了大量技能型人才，填补了行业的人才缺口,教育,中性
1040,职场中的复盘总结能够帮助人们从经验中学习，持续优化工作方法,职场,负面
1041,桌游、剧本杀等线下娱乐活动成为年轻人社交的重要方式，能够增进朋友间的互动,娱乐,中性
1042,阅读小说是一种放松身心的娱乐方式，能够让人沉浸在不同的故事世界中,娱乐,负面
1043,音乐是生活中不可或缺的娱乐元素，不同风格的音乐能够适配不同的场景与心情,娱乐,中性
1044,脱口秀、相声等语言类节目能够给人带来欢乐，缓解日常的工作与生活压力,娱乐,正面
1045,云计算技术的普及降低了企业的IT运维成本，提升了系统的弹性与稳定性,科技,中性
1046,素质教育的推进更加注重学生的综合能力培养，而非仅仅关注考试成绩,教育,负面
1047,大数据分析能够从海量数据中挖掘出有价值的信息，为企业决策提供支撑,科技,中性
1048,烹饪不仅是满足日常饮食的需求，也是一种放松身心、享受生活的方式,生活,负面
1049,行业趋势的洞察与学习能够帮助人们提前做好准备，抓住职业发展的机遇,职场,正面
1050,职场中的沟通能力是高效协作的基础，清晰的表达与倾听同样重要,职场,正面
1051,职业素养的提升是个人职场长期发展的基础，包括责任心、执行力等核心品质,职场,正面
1052,人工智能技术的快速发展正在深刻改变各行各业的生产与服务模式,科技,正面
1053,阅读是丰富个人精神世界、提升认知水平的低成本高回报的方式,生活,正面
1054,教师的专业能力提升是保障教育质量的核心，持续的师资培训尤为重要,教育,正面
1055,高等教育的改革更加注重产学研结合，培养学生的实践能力与创新思维,教育,正面
1056,桌游、剧本杀等线下娱乐活动成为年轻人社交的重要方式，能够增进朋友间的互动,娱乐,正面
1057,音乐是生活中不可或缺的娱乐元素，不同风格的音乐能够适配不同的场景与心情,娱乐,负面
1058,职场中的时间管理能力能够帮助人们高效完成工作，平衡工作与生活,职场,正面
1059,云计算技术的普及降低了企业的IT运维成本，提升了系统的弹性与稳定性,科技,正面
1060,持续的职业技能提升是应对行业变化、保持职场竞争力的核心,职场,正面
1061,教师的专业能力提升是保障教育质量的核心，持续的师资培训尤为重要,教育,正面
1062,学前教育的规范化发展为孩子的早期成长提供了科学的引导与保障,教育,正面
1063,定期的体检与健康监测是预防疾病、保持身体健康的重要手段,生活,中性
1064,持续的职业技能提升是应对行业变化、保持职场竞争力的核心,职场,正面
1065,云计算技术的普及降低了企业的IT运维成本，提升了系统的弹性与稳定性,科技,中性
1066,职场中的时间管理能力能够帮助人们高效完成工作，平衡工作与生活,职场,中性
1067,合理的时间管理能够让生活更加有序，提升工作与生活的效率,生活,中性
1068,定期的体检与健康监测是预防疾病、保持身体健康的重要手段,生活,正面
1069,健康的生活方式需要合理的饮食、规律的作息与适度的运动相结合,生活,正面
1070,云计算技术的普及降低了企业的IT运维成本，提升了系统的弹性与稳定性,科技,正面
1071,教育公平是社会公平的重要基础，推动教育资源均衡分配是长期的发展目标,教育,正面
1072,宠物的陪伴能够给人们带来情感上的慰藉，提升生活的幸福感,生活,中性
1073,职业教育的发展为社会培养了大量技能型人才，填补了行业的人才缺口,教育,中性
1074,职业教育的发展为社会培养了大量技能型人才，填补了行业的人才缺口,教育,正面
1075,音乐、绘画等艺术形式能够丰富人们的精神生活，提升审美能力,生活,负面
1076,开源软件生态的完善为开发者提供了大量优质的工具与框架，降低了开发门槛,科技,负面
1077,家庭教育是孩子成长过程中不可或缺的部分，良好的家庭氛围助力孩子健康成长,教育,中性
1078,书法、绘画等艺术创作是一种高雅的娱乐方式，能够提升个人的审美与修养,娱乐,中性
1079,烹饪不仅是满足日常饮食的需求，也是一种放松身心、享受生活的方式,生活,正面
1080,宠物的陪伴能够给人们带来情感上的慰藉，提升生活的幸福感,生活,中性
1081,教师的专业能力提升是保障教育质量的核心，持续的师资培训尤为重要,教育,中性
1082,大数据分析能够从海量数据中挖掘出有价值的信息，为企业决策提供支撑,科技,负面
1083,行业趋势的洞察与学习能够帮助人们提前做好准备，抓住职业发展的机遇,职场,中性
1084,音乐、绘画等艺术形式能够丰富人们的精神生活，提升审美能力,生活,正面
1085,人工智能技术的快速发展正在深刻改变各行各业的生产与服务模式,科技,中性
1086,家庭教育是孩子成长过程中不可或缺的部分，良好的家庭氛围助力孩子健康成长,教育,正面
1087,网络安全技术的升级是保障个人隐私与企业数据安全的核心基础,科技,中性
1088,素质教育的推进更加注重学生的综合能力培养，而非仅仅关注考试成绩,教育,中性
1089,阅读是丰富个人精神世界、提升认知水平的低成本高回报的方式,生活,中性
1090,开源软件生态的完善为开发者提供了大量优质的工具与框架，降低了开发门槛,科技,中性
1091,环保的生活理念已经被越来越多的人接受，低碳出行、垃圾分类成为日常,生活,正面
1092,教师的专业能力提升是保障教育质量的核心，持续的师资培训尤为重要,教育,正面
1093,旅行能够开阔人的视野，体验不同的地域文化，丰富人生阅历,生活,正面
1094,阅读小说是一种放松身心的娱乐方式，能够让人沉浸在不同的故事世界中,娱乐,正面
1095,合理的时间管理能够让生活更加有序，提升工作与生活的效率,生活,正面
1096,团队协作能力是职场中不可或缺的素质，良好的团队氛围能够提升整体效率,职场,中性
1097,解决问题的能力是职场核心竞争力，面对难题能够快速找到解决方案,职场,正面
1098,骑行、徒步等户外活动是一种健康的娱乐方式，能够让人亲近自然，放松身心,娱乐,中性
1099,教育公平是社会公平的重要基础，推动教育资源均衡分配是长期的发展目标,教育,正面
1100,职场中的沟通能力是高效协作的基础，清晰的表达与倾听同样重要,职场,正面
1101,烹饪不仅是满足日常饮食的需求，也是一种放松身心、享受生活的方式,生活,正面
1102,园艺、手工等DIY活动是一种治愈的娱乐方式，能够让人在创作中获得成就感,娱乐,正面
1103,宠物的陪伴能够给人们带来情感上的慰藉，提升生活的幸福感,生活,负面
1104,阅读是丰富个人精神世界、提升认知水平的低成本高回报的方式,生活,正面
1105,行业趋势的洞察与学习能够帮助人们提前做好准备，抓住职业发展的机遇,职场,正面
1106,5G网络的商用落地推动了物联网、自动驾驶等新兴技术的快速发展,科技,正面
1107,阅读是丰富个人精神世界、提升认知水平的低成本高回报的方式,生活,正面
1108,职场中的情绪管理能力能够帮助人们更好地应对工作压力，保持良好的状态,职场,正面
1109,职业教育的发展为社会培养了大量技能型人才，填补了行业的人才缺口,教育,中性
1110,骑行、徒步等户外活动是一种健康的娱乐方式，能够让人亲近自然，放松身心,娱乐,正面
1111,电影是一种重要的娱乐方式，优秀的电影作品能够给人带来情感的共鸣与思考,娱乐,正面
1112,区块链技术的去中心化特性为数据安全与信任机制提供了新的解决方案,科技,中性
1113,运动不仅是健身的方式，也是一种娱乐活动，能够让人在运动中释放压力,娱乐,中性
1114,云计算技术的普及降低了企业的IT运维成本，提升了系统的弹性与稳定性,科技,正面
1115,教育公平是社会公平的重要基础，推动教育资源均衡分配是长期的发展目标,教育,中性
1116,摄影是一种记录生活、发现美的娱乐方式，能够用镜头留住美好的瞬间,娱乐,正面
1117,终身学习的理念已经深入人心，持续学习是个人成长与职业发展的核心动力,教育,中性
1118,良好的人际关系是提升生活幸福感的重要因素，真诚的沟通是核心,生活,正面
1119,音乐是生活中不可或缺的娱乐元素，不同风格的音乐能够适配不同的场景与心情,娱乐,正面
1120,骑行、徒步等户外活动是一种健康的娱乐方式，能够让人亲近自然，放松身心,娱乐,中性
1121,人工智能技术的快速发展正在深刻改变各行各业的生产与服务模式,科技,正面
1122,量子计算技术的突破有望解决传统计算机无法处理的复杂计算问题,科技,负面
1123,网络安全技术的升级是保障个人隐私与企业数据安全的核心基础,科技,正面
1124,线上教育平台的普及打破了地域限制，让优质教育资源能够触达更多人群,教育,中性
1125,终身学习的理念已经深入人心，持续学习是个人成长与职业发展的核心动力,教育,负面
1126,终身学习的理念已经深入人心，持续学习是个人成长与职业发展的核心动力,教育,中性
1127,合理的时间管理能够让生活更加有序，提升工作与生活的效率,生活,正面
1128,职场中的时间管理能力能够帮助人们高效完成工作，平衡工作与生活,职场,正面
1129,教育公平是社会公平的重要基础，推动教育资源均衡分配是长期的发展目标,教育,负面
1130,教师的专业能力提升是保障教育质量的核心，持续的师资培训尤为重要,教育,中性
1131,骑行、徒步等户外活动是一种健康的娱乐方式，能够让人亲近自然，放松身心,娱乐,正面
1132,高等教育的改革更加注重产学研结合，培养学生的实践能力与创新思维,教育,正面
1133,教师的专业能力提升是保障教育质量的核心，持续的师资培训尤为重要,教育,正面
1134,机器学习算法的优化让计算机视觉、自然语言处理等领域的精度大幅提升,科技,正面
1135,云计算技术的普及降低了企业的IT运维成本，提升了系统的弹性与稳定性,科技,正面
1136,线上教育平台的普及打破了地域限制，让优质教育资源能够触达更多人群,教育,正面
1137,创新教育模式的探索能够更好地激发学生的学习兴趣与创造力,教育,负面
1138,解决问题的能力是职场核心竞争力，面对难题能够快速找到解决方案,职场,中性
1139,电影是一种重要的娱乐方式，优秀的电影作品能够给人带来情感的共鸣与思考,娱乐,中性
1140,宠物的陪伴能够给人们带来情感上的慰藉，提升生活的幸福感,生活,中性
1141,健康的生活方式需要合理的饮食、规律的作息与适度的运动相结合,生活,正面
1142,健康的生活方式需要合理的饮食、规律的作息与适度的运动相结合,生活,中性
1143,素质教育的推进更加注重学生的综合能力培养，而非仅仅关注考试成绩,教育,正面
1144,脱口秀、相声等语言类节目能够给人带来欢乐，缓解日常的工作与生活压力,娱乐,中性
1145,脱口秀、相声等语言类节目能够给人带来欢乐，缓解日常的工作与生活压力,娱乐,正面
1146,量子计算技术的突破有望解决传统计算机无法处理的复杂计算问题,科技,中性
1147,职业教育的发展为社会培养了大量技能型人才，填补了行业的人才缺口,教育,中性
1148,区块链技术的去中心化特性为数据安全与信任机制提供了新的解决方案,科技,正面
1149,职场中的情绪管理能力能够帮助人们更好地应对工作压力，保持良好的状态,职场,正面
1150,解决问题的能力是职场核心竞争力，面对难题能够快速找到解决方案,职场,正面
1151,桌游、剧本杀等线下娱乐活动成为年轻人社交的重要方式，能够增进朋友间的互动,娱乐,正面
1152,线上教育平台的普及打破了地域限制，让优质教育资源能够触达更多人群,教育,正面
1153,量子计算技术的突破有望解决传统计算机无法处理的复杂计算问题,科技,中性
1154,云计算技术的普及降低了企业的IT运维成本，提升了系统的弹性与稳定性,科技,中性
1155,职业素养的提升是个人职场长期发展的基础，包括责任心、执行力等核心品质,职场,负面
1156,音乐、绘画等艺术形式能够丰富人们的精神生活，提升审美能力,生活,负面
1157,机器学习算法的优化让计算机视觉、自然语言处理等领域的精度大幅提升,科技,正面
1158,职场中的时间管理能力能够帮助人们高效完成工作，平衡工作与生活,职场,正面
1159,阅读小说是一种放松身心的娱乐方式，能够让人沉浸在不同的故事世界中,娱乐,正面
1160,职业教育的发展为社会培养了大量技能型人才，填补了行业的人才缺口,教育,正面
1161,桌游、剧本杀等线下娱乐活动成为年轻人社交的重要方式，能够增进朋友间的互动,娱乐,正面
1162,区块链技术的去中心化特性为数据安全与信任机制提供了新的解决方案,科技,中性
1163,运动不仅是健身的方式，也是一种娱乐活动，能够让人在运动中释放压力,娱乐,正面
1164,阅读是丰富个人精神世界、提升认知水平的低成本高回报的方式,生活,正面
1165,区块链技术的去中心化特性为数据安全与信任机制提供了新的解决方案,科技,中性
1166,电影是一种重要的娱乐方式，优秀的电影作品能够给人带来情感的共鸣与思考,娱乐,正面
1167,职场中的情绪管理能力能够帮助人们更好地应对工作压力，保持良好的状态,职场,正面
1168,网络安全技术的升级是保障个人隐私与企业数据安全的核心基础,科技,正面
1169,教育公平是社会公平的重要基础，推动教育资源均衡分配是长期的发展目标,教育,中性
1170,解决问题的能力是职场核心竞争力，面对难题能够快速找到解决方案,职场,负面
1171,网络安全技术的升级是保障个人隐私与企业数据安全的核心基础,科技,中性
1172,终身学习的理念已经深入人心，持续学习是个人成长与职业发展的核心动力,教育,正面
1173,电影是一种重要的娱乐方式，优秀的电影作品能够给人带来情感的共鸣与思考,娱乐,正面
1174,园艺、手工等DIY活动是一种治愈的娱乐方式，能够让人在创作中获得成就感,娱乐,中性
1175,网络安全技术的升级是保障个人隐私与企业数据安全的核心基础,科技,正面
1176,职场中的复盘总结能够帮助人们从经验中学习，持续优化工作方法,职场,正面
1177,素质教育的推进更加注重学生的综合能力培养，而非仅仅关注考试成绩,教育,中性
1178,持续的职业技能提升是应对行业变化、保持职场竞争力的核心,职场,正面
1179,烹饪不仅是满足日常饮食的需求，也是一种放松身心、享受生活的方式,生活,正面
1180,行业趋势的洞察与学习能够帮助人们提前做好准备，抓住职业发展的机遇,职场,正面
1181,职场中的沟通能力是高效协作的基础，清晰的表达与倾听同样重要,职场,正面
1182,量子计算技术的突破有望解决传统计算机无法处理的复杂计算问题,科技,中性
1183,5G网络的商用落地推动了物联网、自动驾驶等新兴技术的快速发展,科技,中性
1184,职场中的情绪管理能力能够帮助人们更好地应对工作压力，保持良好的状态,职场,正面
1185,阅读小说是一种放松身心的娱乐方式，能够让人沉浸在不同的故事世界中,娱乐,中性
1186,阅读小说是一种放松身心的娱乐方式，能够让人沉浸在不同的故事世界中,娱乐,正面
1187,行业趋势的洞察与学习能够帮助人们提前做好准备，抓住职业发展的机遇,职场,负面
1188,骑行、徒步等户外活动是一种健康的娱乐方式，能够让人亲近自然，放松身心,娱乐,正面
1189,良好的人际关系是提升生活幸福感的重要因素，真诚的沟通是核心,生活,负面
1190,良好的人际关系是提升生活幸福感的重要因素，真诚的沟通是核心,生活,正面
1191,数字化转型已经成为传统企业提升竞争力的必经之路，技术赋能是核心,科技,中性
1192,清晰的职业规划是个人职场发展的核心，能够为成长提供明确的方向,职场,负面
1193,区块链技术的去中心化特性为数据安全与信任机制提供了新的解决方案,科技,正面
1194,烹饪不仅是满足日常饮食的需求，也是一种放松身心、享受生活的方式,生活,正面
1195,阅读是丰富个人精神世界、提升认知水平的低成本高回报的方式,生活,正面
1196,旅行能够开阔人的视野，体验不同的地域文化，丰富人生阅历,生活,负面
1197,旅行能够开阔人的视野，体验不同的地域文化，丰富人生阅历,生活,正面
1198,烹饪不仅是满足日常饮食的需求，也是一种放松身心、享受生活的方式,生活,正面
1199,学前教育的规范化发展为孩子的早期成长提供了科学的引导与保障,教育,正面
1200,合理的时间管理能够让生活更加有序，提升工作与生活的效率,生活,正面
